Messstellennummer,Stationsname,Gewaesser,Parameter,Datum/Uhrzeit,Wert,Einheit,Produkt
61239,Ebnet Dreisam,Dreisam,Q,01.01.2021 00:00,6.558,m3/s,Stundenmittelwert
61239,Ebnet Dreisam,Dreisam,Q,01.01.2021 01:00,6.552,m3/s,Stundenmittelwert
61239,Ebnet Dreisam,Dreisam,Q,01.01.2021 02:00,6.574,m3/s,Stundenmittelwert
61239,Ebnet Dreisam,Dreisam,Q,01.01.2021 03:00,6.596,m3/s,Stundenmittelwert
61239,Ebnet Dreisam,Dreisam,Q,01.01.2021 04:00,6.617,m3/s,Stundenmittelwert
61239,Ebnet Dreisam,Dreisam,Q,01.01.2021 05:00,6.547,m3/s,Stundenmittelwert
61239,Ebnet Dreisam,Dreisam,Q,01.01.2021 06:00,6.536,m3/s,Stundenmittelwert
61239,Ebnet Dreisam,Dreisam,Q,01.01.2021 07:00,6.525,m3/s,Stundenmittelwert
61239,Ebnet Dreisam,Dreisam,Q,01.01.2021 08:00,6.547,m3/s,Stundenmittelwert
61239,Ebnet Dreisam,Dreisam,Q,01.01.2021 09:00,6.503,m3/s,Stundenmittelwert
61239,Ebnet Dreisam,Dreisam,Q,01.01.2021 10:00,6.426,m3/s,Stundenmittelwert
61239,Ebnet Dreisam,Dreisam,Q,01.01.2021 11:00,6.305,m3/s,Stundenmittelwert
61239,Ebnet Dreisam,Dreisam,Q,01.01.2021 12:00,6.278,m3/s,Stundenmittelwert
61239,Ebnet Dreisam,Dreisam,Q,01.01.2021 13:00,6.355,m3/s,Stundenmittelwert
61239,Ebnet Dreisam,Dreisam,Q,01.01.2021 14:00,6.278,m3/s,Stundenmittelwert
61239,Ebnet Dreisam,Dreisam,Q,01.01.2021 15:00,6.195,m3/s,Stundenmittelwert
61239,Ebnet Dreisam,Dreisam,Q,01.01.2021 16:00,6.146,m3/s,Stundenmittelwert
61239,Ebnet Dreisam,Dreisam,Q,01.01.2021 17:00,6.118,m3/s,Stundenmittelwert
61239,Ebnet Dreisam,Dreisam,Q,01.01.2021 18:00,6.052,m3/s,Stundenmittelwert
61239,Ebnet Dreisam,Dreisam,Q,01.01.2021 19:00,6.036,m3/s,Stundenmittelwert
61239,Ebnet Dreisam,Dreisam,Q,01.01.2021 20:00,5.992,m3/s,Stundenmittelwert
61239,Ebnet Dreisam,Dreisam,Q,01.01.2021 21:00,5.959,m3/s,Stundenmittelwert
61239,Ebnet Dreisam,Dreisam,Q,01.01.2021 22:00,5.964,m3/s,Stundenmittelwert
61239,Ebnet Dreisam,Dreisam,Q,01.01.2021 23:00,5.953,m3/s,Stundenmittelwert
61239,Ebnet Dreisam,Dreisam,Q,02.01.2021 00:00,5.909,m3/s,Stundenmittelwert
61239,Ebnet Dreisam,Dreisam,Q,02.01.2021 01:00,5.874,m3/s,Stundenmittelwert
61239,Ebnet Dreisam,Dreisam,Q,02.01.2021 02:00,5.834,m3/s,Stundenmittelwert
61239,Ebnet Dreisam,Dreisam,Q,02.01.2021 03:00,5.788,m3/s,Stundenmittelwert
61239,Ebnet Dreisam,Dreisam,Q,02.01.2021 04:00,5.765,m3/s,Stundenmittelwert
61239,Ebnet Dreisam,Dreisam,Q,02.01.2021 05:00,5.736,m3/s,Stundenmittelwert
61239,Ebnet Dreisam,Dreisam,Q,02.01.2021 06:00,5.719,m3/s,Stundenmittelwert
61239,Ebnet Dreisam,Dreisam,Q,02.01.2021 07:00,5.672,m3/s,Stundenmittelwert
61239,Ebnet Dreisam,Dreisam,Q,02.01.2021 08:00,5.336,m3/s,Stundenmittelwert
61239,Ebnet Dreisam,Dreisam,Q,02.01.2021 09:00,5.648,m3/s,Stundenmittelwert
61239,Ebnet Dreisam,Dreisam,Q,02.01.2021 10:00,5.622,m3/s,Stundenmittelwert
61239,Ebnet Dreisam,Dreisam,Q,02.01.2021 11:00,5.597,m3/s,Stundenmittelwert
61239,Ebnet Dreisam,Dreisam,Q,02.01.2021 12:00,5.597,m3/s,Stundenmittelwert
61239,Ebnet Dreisam,Dreisam,Q,02.01.2021 13:00,5.865,m3/s,Stundenmittelwert
61239,Ebnet Dreisam,Dreisam,Q,02.01.2021 14:00,5.634,m3/s,Stundenmittelwert
61239,Ebnet Dreisam,Dreisam,Q,02.01.2021 15:00,5.558,m3/s,Stundenmittelwert
61239,Ebnet Dreisam,Dreisam,Q,02.01.2021 16:00,5.546,m3/s,Stundenmittelwert
61239,Ebnet Dreisam,Dreisam,Q,02.01.2021 17:00,5.507,m3/s,Stundenmittelwert
61239,Ebnet Dreisam,Dreisam,Q,02.01.2021 18:00,5.512,m3/s,Stundenmittelwert
61239,Ebnet Dreisam,Dreisam,Q,02.01.2021 19:00,5.486,m3/s,Stundenmittelwert
61239,Ebnet Dreisam,Dreisam,Q,02.01.2021 20:00,5.439,m3/s,Stundenmittelwert
61239,Ebnet Dreisam,Dreisam,Q,02.01.2021 21:00,5.512,m3/s,Stundenmittelwert
61239,Ebnet Dreisam,Dreisam,Q,02.01.2021 22:00,5.507,m3/s,Stundenmittelwert
61239,Ebnet Dreisam,Dreisam,Q,02.01.2021 23:00,5.456,m3/s,Stundenmittelwert
61239,Ebnet Dreisam,Dreisam,Q,03.01.2021 00:00,5.41,m3/s,Stundenmittelwert
61239,Ebnet Dreisam,Dreisam,Q,03.01.2021 01:00,5.388,m3/s,Stundenmittelwert
61239,Ebnet Dreisam,Dreisam,Q,03.01.2021 02:00,5.367,m3/s,Stundenmittelwert
61239,Ebnet Dreisam,Dreisam,Q,03.01.2021 03:00,5.316,m3/s,Stundenmittelwert
61239,Ebnet Dreisam,Dreisam,Q,03.01.2021 04:00,5.295,m3/s,Stundenmittelwert
61239,Ebnet Dreisam,Dreisam,Q,03.01.2021 05:00,5.308,m3/s,Stundenmittelwert
61239,Ebnet Dreisam,Dreisam,Q,03.01.2021 06:00,5.252,m3/s,Stundenmittelwert
61239,Ebnet Dreisam,Dreisam,Q,03.01.2021 07:00,5.197,m3/s,Stundenmittelwert
61239,Ebnet Dreisam,Dreisam,Q,03.01.2021 08:00,5.175,m3/s,Stundenmittelwert
61239,Ebnet Dreisam,Dreisam,Q,03.01.2021 09:00,5.24,m3/s,Stundenmittelwert
61239,Ebnet Dreisam,Dreisam,Q,03.01.2021 10:00,5.214,m3/s,Stundenmittelwert
61239,Ebnet Dreisam,Dreisam,Q,03.01.2021 11:00,5.193,m3/s,Stundenmittelwert
61239,Ebnet Dreisam,Dreisam,Q,03.01.2021 12:00,5.126,m3/s,Stundenmittelwert
61239,Ebnet Dreisam,Dreisam,Q,03.01.2021 13:00,5.149,m3/s,Stundenmittelwert
61239,Ebnet Dreisam,Dreisam,Q,03.01.2021 14:00,5.131,m3/s,Stundenmittelwert
61239,Ebnet Dreisam,Dreisam,Q,03.01.2021 15:00,5.117,m3/s,Stundenmittelwert
61239,Ebnet Dreisam,Dreisam,Q,03.01.2021 16:00,5.108,m3/s,Stundenmittelwert
61239,Ebnet Dreisam,Dreisam,Q,03.01.2021 17:00,5.099,m3/s,Stundenmittelwert
61239,Ebnet Dreisam,Dreisam,Q,03.01.2021 18:00,5.068,m3/s,Stundenmittelwert
61239,Ebnet Dreisam,Dreisam,Q,03.01.2021 19:00,5.023,m3/s,Stundenmittelwert
61239,Ebnet Dreisam,Dreisam,Q,03.01.2021 20:00,4.998,m3/s,Stundenmittelwert
61239,Ebnet Dreisam,Dreisam,Q,03.01.2021 21:00,5.054,m3/s,Stundenmittelwert
61239,Ebnet Dreisam,Dreisam,Q,03.01.2021 22:00,5.063,m3/s,Stundenmittelwert
61239,Ebnet Dreisam,Dreisam,Q,03.01.2021 23:00,4.989,m3/s,Stundenmittelwert
61239,Ebnet Dreisam,Dreisam,Q,04.01.2021 00:00,4.913,m3/s,Stundenmittelwert
61239,Ebnet Dreisam,Dreisam,Q,04.01.2021 01:00,4.888,m3/s,Stundenmittelwert
61239,Ebnet Dreisam,Dreisam,Q,04.01.2021 02:00,4.844,m3/s,Stundenmittelwert
61239,Ebnet Dreisam,Dreisam,Q,04.01.2021 03:00,4.806,m3/s,Stundenmittelwert
61239,Ebnet Dreisam,Dreisam,Q,04.01.2021 04:00,4.8,m3/s,Stundenmittelwert
61239,Ebnet Dreisam,Dreisam,Q,04.01.2021 05:00,4.756,m3/s,Stundenmittelwert
61239,Ebnet Dreisam,Dreisam,Q,04.01.2021 06:00,4.743,m3/s,Stundenmittelwert
61239,Ebnet Dreisam,Dreisam,Q,04.01.2021 07:00,4.698,m3/s,Stundenmittelwert
61239,Ebnet Dreisam,Dreisam,Q,04.01.2021 08:00,4.575,m3/s,Stundenmittelwert
61239,Ebnet Dreisam,Dreisam,Q,04.01.2021 09:00,4.575,m3/s,Stundenmittelwert
61239,Ebnet Dreisam,Dreisam,Q,04.01.2021 10:00,4.614,m3/s,Stundenmittelwert
61239,Ebnet Dreisam,Dreisam,Q,04.01.2021 11:00,4.633,m3/s,Stundenmittelwert
61239,Ebnet Dreisam,Dreisam,Q,04.01.2021 12:00,4.62,m3/s,Stundenmittelwert
61239,Ebnet Dreisam,Dreisam,Q,04.01.2021 13:00,4.614,m3/s,Stundenmittelwert
61239,Ebnet Dreisam,Dreisam,Q,04.01.2021 14:00,4.512,m3/s,Stundenmittelwert
61239,Ebnet Dreisam,Dreisam,Q,04.01.2021 15:00,4.665,m3/s,Stundenmittelwert
61239,Ebnet Dreisam,Dreisam,Q,04.01.2021 16:00,4.555,m3/s,Stundenmittelwert
61239,Ebnet Dreisam,Dreisam,Q,04.01.2021 17:00,4.555,m3/s,Stundenmittelwert
61239,Ebnet Dreisam,Dreisam,Q,04.01.2021 18:00,4.516,m3/s,Stundenmittelwert
61239,Ebnet Dreisam,Dreisam,Q,04.01.2021 19:00,4.497,m3/s,Stundenmittelwert
61239,Ebnet Dreisam,Dreisam,Q,04.01.2021 20:00,4.594,m3/s,Stundenmittelwert
61239,Ebnet Dreisam,Dreisam,Q,04.01.2021 21:00,4.614,m3/s,Stundenmittelwert
61239,Ebnet Dreisam,Dreisam,Q,04.01.2021 22:00,4.614,m3/s,Stundenmittelwert
61239,Ebnet Dreisam,Dreisam,Q,04.01.2021 23:00,4.536,m3/s,Stundenmittelwert
61239,Ebnet Dreisam,Dreisam,Q,05.01.2021 00:00,4.446,m3/s,Stundenmittelwert
61239,Ebnet Dreisam,Dreisam,Q,05.01.2021 01:00,4.44,m3/s,Stundenmittelwert
61239,Ebnet Dreisam,Dreisam,Q,05.01.2021 02:00,4.421,m3/s,Stundenmittelwert
61239,Ebnet Dreisam,Dreisam,Q,05.01.2021 03:00,4.415,m3/s,Stundenmittelwert
61239,Ebnet Dreisam,Dreisam,Q,05.01.2021 04:00,4.396,m3/s,Stundenmittelwert
61239,Ebnet Dreisam,Dreisam,Q,05.01.2021 05:00,4.353,m3/s,Stundenmittelwert
61239,Ebnet Dreisam,Dreisam,Q,05.01.2021 06:00,4.291,m3/s,Stundenmittelwert
61239,Ebnet Dreisam,Dreisam,Q,05.01.2021 07:00,4.192,m3/s,Stundenmittelwert
61239,Ebnet Dreisam,Dreisam,Q,05.01.2021 08:00,4.15,m3/s,Stundenmittelwert
61239,Ebnet Dreisam,Dreisam,Q,05.01.2021 09:00,4.192,m3/s,Stundenmittelwert
61239,Ebnet Dreisam,Dreisam,Q,05.01.2021 10:00,4.222,m3/s,Stundenmittelwert
61239,Ebnet Dreisam,Dreisam,Q,05.01.2021 11:00,4.253,m3/s,Stundenmittelwert
61239,Ebnet Dreisam,Dreisam,Q,05.01.2021 12:00,4.24,m3/s,Stundenmittelwert
61239,Ebnet Dreisam,Dreisam,Q,05.01.2021 13:00,4.204,m3/s,Stundenmittelwert
61239,Ebnet Dreisam,Dreisam,Q,05.01.2021 14:00,4.198,m3/s,Stundenmittelwert
61239,Ebnet Dreisam,Dreisam,Q,05.01.2021 15:00,4.168,m3/s,Stundenmittelwert
61239,Ebnet Dreisam,Dreisam,Q,05.01.2021 16:00,4.174,m3/s,Stundenmittelwert
61239,Ebnet Dreisam,Dreisam,Q,05.01.2021 17:00,4.156,m3/s,Stundenmittelwert
61239,Ebnet Dreisam,Dreisam,Q,05.01.2021 18:00,4.132,m3/s,Stundenmittelwert
61239,Ebnet Dreisam,Dreisam,Q,05.01.2021 19:00,4.156,m3/s,Stundenmittelwert
61239,Ebnet Dreisam,Dreisam,Q,05.01.2021 20:00,4.211,m3/s,Stundenmittelwert
61239,Ebnet Dreisam,Dreisam,Q,05.01.2021 21:00,4.204,m3/s,Stundenmittelwert
61239,Ebnet Dreisam,Dreisam,Q,05.01.2021 22:00,4.18,m3/s,Stundenmittelwert
61239,Ebnet Dreisam,Dreisam,Q,05.01.2021 23:00,4.096,m3/s,Stundenmittelwert
61239,Ebnet Dreisam,Dreisam,Q,06.01.2021 00:00,4.054,m3/s,Stundenmittelwert
61239,Ebnet Dreisam,Dreisam,Q,06.01.2021 01:00,3.978,m3/s,Stundenmittelwert
61239,Ebnet Dreisam,Dreisam,Q,06.01.2021 02:00,3.991,m3/s,Stundenmittelwert
61239,Ebnet Dreisam,Dreisam,Q,06.01.2021 03:00,3.978,m3/s,Stundenmittelwert
61239,Ebnet Dreisam,Dreisam,Q,06.01.2021 04:00,3.964,m3/s,Stundenmittelwert
61239,Ebnet Dreisam,Dreisam,Q,06.01.2021 05:00,3.937,m3/s,Stundenmittelwert
61239,Ebnet Dreisam,Dreisam,Q,06.01.2021 06:00,3.951,m3/s,Stundenmittelwert
61239,Ebnet Dreisam,Dreisam,Q,06.01.2021 07:00,3.883,m3/s,Stundenmittelwert
61239,Ebnet Dreisam,Dreisam,Q,06.01.2021 08:00,3.852,m3/s,Stundenmittelwert
61239,Ebnet Dreisam,Dreisam,Q,06.01.2021 09:00,3.865,m3/s,Stundenmittelwert
61239,Ebnet Dreisam,Dreisam,Q,06.01.2021 10:00,3.96,m3/s,Stundenmittelwert
61239,Ebnet Dreisam,Dreisam,Q,06.01.2021 11:00,3.969,m3/s,Stundenmittelwert
61239,Ebnet Dreisam,Dreisam,Q,06.01.2021 12:00,3.951,m3/s,Stundenmittelwert
61239,Ebnet Dreisam,Dreisam,Q,06.01.2021 13:00,3.942,m3/s,Stundenmittelwert
61239,Ebnet Dreisam,Dreisam,Q,06.01.2021 14:00,3.964,m3/s,Stundenmittelwert
61239,Ebnet Dreisam,Dreisam,Q,06.01.2021 15:00,3.96,m3/s,Stundenmittelwert
61239,Ebnet Dreisam,Dreisam,Q,06.01.2021 16:00,3.946,m3/s,Stundenmittelwert
61239,Ebnet Dreisam,Dreisam,Q,06.01.2021 17:00,3.915,m3/s,Stundenmittelwert
61239,Ebnet Dreisam,Dreisam,Q,06.01.2021 18:00,3.897,m3/s,Stundenmittelwert
61239,Ebnet Dreisam,Dreisam,Q,06.01.2021 19:00,3.865,m3/s,Stundenmittelwert
61239,Ebnet Dreisam,Dreisam,Q,06.01.2021 20:00,3.856,m3/s,Stundenmittelwert
61239,Ebnet Dreisam,Dreisam,Q,06.01.2021 21:00,3.838,m3/s,Stundenmittelwert
61239,Ebnet Dreisam,Dreisam,Q,06.01.2021 22:00,3.825,m3/s,Stundenmittelwert
61239,Ebnet Dreisam,Dreisam,Q,06.01.2021 23:00,3.807,m3/s,Stundenmittelwert
61239,Ebnet Dreisam,Dreisam,Q,07.01.2021 00:00,3.773,m3/s,Stundenmittelwert
61239,Ebnet Dreisam,Dreisam,Q,07.01.2021 01:00,3.761,m3/s,Stundenmittelwert
61239,Ebnet Dreisam,Dreisam,Q,07.01.2021 02:00,3.773,m3/s,Stundenmittelwert
61239,Ebnet Dreisam,Dreisam,Q,07.01.2021 03:00,3.752,m3/s,Stundenmittelwert
61239,Ebnet Dreisam,Dreisam,Q,07.01.2021 04:00,3.727,m3/s,Stundenmittelwert
61239,Ebnet Dreisam,Dreisam,Q,07.01.2021 05:00,3.722,m3/s,Stundenmittelwert
61239,Ebnet Dreisam,Dreisam,Q,07.01.2021 06:00,3.705,m3/s,Stundenmittelwert
61239,Ebnet Dreisam,Dreisam,Q,07.01.2021 07:00,3.701,m3/s,Stundenmittelwert
61239,Ebnet Dreisam,Dreisam,Q,07.01.2021 08:00,3.676,m3/s,Stundenmittelwert
61239,Ebnet Dreisam,Dreisam,Q,07.01.2021 09:00,3.655,m3/s,Stundenmittelwert
61239,Ebnet Dreisam,Dreisam,Q,07.01.2021 10:00,3.663,m3/s,Stundenmittelwert
61239,Ebnet Dreisam,Dreisam,Q,07.01.2021 11:00,3.61,m3/s,Stundenmittelwert
61239,Ebnet Dreisam,Dreisam,Q,07.01.2021 12:00,3.663,m3/s,Stundenmittelwert
61239,Ebnet Dreisam,Dreisam,Q,07.01.2021 13:00,3.659,m3/s,Stundenmittelwert
61239,Ebnet Dreisam,Dreisam,Q,07.01.2021 14:00,3.646,m3/s,Stundenmittelwert
61239,Ebnet Dreisam,Dreisam,Q,07.01.2021 15:00,3.638,m3/s,Stundenmittelwert
61239,Ebnet Dreisam,Dreisam,Q,07.01.2021 16:00,3.619,m3/s,Stundenmittelwert
61239,Ebnet Dreisam,Dreisam,Q,07.01.2021 17:00,3.622,m3/s,Stundenmittelwert
61239,Ebnet Dreisam,Dreisam,Q,07.01.2021 18:00,3.63,m3/s,Stundenmittelwert
61239,Ebnet Dreisam,Dreisam,Q,07.01.2021 19:00,3.61,m3/s,Stundenmittelwert
61239,Ebnet Dreisam,Dreisam,Q,07.01.2021 20:00,3.582,m3/s,Stundenmittelwert
61239,Ebnet Dreisam,Dreisam,Q,07.01.2021 21:00,3.57,m3/s,Stundenmittelwert
61239,Ebnet Dreisam,Dreisam,Q,07.01.2021 22:00,3.566,m3/s,Stundenmittelwert
61239,Ebnet Dreisam,Dreisam,Q,07.01.2021 23:00,3.558,m3/s,Stundenmittelwert
61239,Ebnet Dreisam,Dreisam,Q,08.01.2021 00:00,3.542,m3/s,Stundenmittelwert
61239,Ebnet Dreisam,Dreisam,Q,08.01.2021 01:00,3.514,m3/s,Stundenmittelwert
61239,Ebnet Dreisam,Dreisam,Q,08.01.2021 02:00,3.498,m3/s,Stundenmittelwert
61239,Ebnet Dreisam,Dreisam,Q,08.01.2021 03:00,3.474,m3/s,Stundenmittelwert
61239,Ebnet Dreisam,Dreisam,Q,08.01.2021 04:00,3.462,m3/s,Stundenmittelwert
61239,Ebnet Dreisam,Dreisam,Q,08.01.2021 05:00,3.446,m3/s,Stundenmittelwert
61239,Ebnet Dreisam,Dreisam,Q,08.01.2021 06:00,3.43,m3/s,Stundenmittelwert
61239,Ebnet Dreisam,Dreisam,Q,08.01.2021 07:00,3.422,m3/s,Stundenmittelwert
61239,Ebnet Dreisam,Dreisam,Q,08.01.2021 08:00,3.406,m3/s,Stundenmittelwert
61239,Ebnet Dreisam,Dreisam,Q,08.01.2021 09:00,3.422,m3/s,Stundenmittelwert
61239,Ebnet Dreisam,Dreisam,Q,08.01.2021 10:00,3.418,m3/s,Stundenmittelwert
61239,Ebnet Dreisam,Dreisam,Q,08.01.2021 11:00,3.402,m3/s,Stundenmittelwert
61239,Ebnet Dreisam,Dreisam,Q,08.01.2021 12:00,3.398,m3/s,Stundenmittelwert
61239,Ebnet Dreisam,Dreisam,Q,08.01.2021 13:00,3.39,m3/s,Stundenmittelwert
61239,Ebnet Dreisam,Dreisam,Q,08.01.2021 14:00,3.382,m3/s,Stundenmittelwert
61239,Ebnet Dreisam,Dreisam,Q,08.01.2021 15:00,3.374,m3/s,Stundenmittelwert
61239,Ebnet Dreisam,Dreisam,Q,08.01.2021 16:00,3.386,m3/s,Stundenmittelwert
61239,Ebnet Dreisam,Dreisam,Q,08.01.2021 17:00,3.37,m3/s,Stundenmittelwert
61239,Ebnet Dreisam,Dreisam,Q,08.01.2021 18:00,3.342,m3/s,Stundenmittelwert
61239,Ebnet Dreisam,Dreisam,Q,08.01.2021 19:00,3.326,m3/s,Stundenmittelwert
61239,Ebnet Dreisam,Dreisam,Q,08.01.2021 20:00,3.313,m3/s,Stundenmittelwert
61239,Ebnet Dreisam,Dreisam,Q,08.01.2021 21:00,3.309,m3/s,Stundenmittelwert
61239,Ebnet Dreisam,Dreisam,Q,08.01.2021 22:00,3.313,m3/s,Stundenmittelwert
61239,Ebnet Dreisam,Dreisam,Q,08.01.2021 23:00,3.292,m3/s,Stundenmittelwert
61239,Ebnet Dreisam,Dreisam,Q,09.01.2021 00:00,3.275,m3/s,Stundenmittelwert
61239,Ebnet Dreisam,Dreisam,Q,09.01.2021 01:00,3.241,m3/s,Stundenmittelwert
61239,Ebnet Dreisam,Dreisam,Q,09.01.2021 02:00,3.22,m3/s,Stundenmittelwert
61239,Ebnet Dreisam,Dreisam,Q,09.01.2021 03:00,3.203,m3/s,Stundenmittelwert
61239,Ebnet Dreisam,Dreisam,Q,09.01.2021 04:00,3.177,m3/s,Stundenmittelwert
61239,Ebnet Dreisam,Dreisam,Q,09.01.2021 05:00,3.152,m3/s,Stundenmittelwert
61239,Ebnet Dreisam,Dreisam,Q,09.01.2021 06:00,3.144,m3/s,Stundenmittelwert
61239,Ebnet Dreisam,Dreisam,Q,09.01.2021 07:00,3.112,m3/s,Stundenmittelwert
61239,Ebnet Dreisam,Dreisam,Q,09.01.2021 08:00,3.084,m3/s,Stundenmittelwert
61239,Ebnet Dreisam,Dreisam,Q,09.01.2021 09:00,3.064,m3/s,Stundenmittelwert
61239,Ebnet Dreisam,Dreisam,Q,09.01.2021 10:00,3.032,m3/s,Stundenmittelwert
61239,Ebnet Dreisam,Dreisam,Q,09.01.2021 11:00,3.032,m3/s,Stundenmittelwert
61239,Ebnet Dreisam,Dreisam,Q,09.01.2021 12:00,3.024,m3/s,Stundenmittelwert
61239,Ebnet Dreisam,Dreisam,Q,09.01.2021 13:00,3.028,m3/s,Stundenmittelwert
61239,Ebnet Dreisam,Dreisam,Q,09.01.2021 14:00,3.072,m3/s,Stundenmittelwert
61239,Ebnet Dreisam,Dreisam,Q,09.01.2021 15:00,3.064,m3/s,Stundenmittelwert
61239,Ebnet Dreisam,Dreisam,Q,09.01.2021 16:00,3.116,m3/s,Stundenmittelwert
61239,Ebnet Dreisam,Dreisam,Q,09.01.2021 17:00,3.132,m3/s,Stundenmittelwert
61239,Ebnet Dreisam,Dreisam,Q,09.01.2021 18:00,3.1,m3/s,Stundenmittelwert
61239,Ebnet Dreisam,Dreisam,Q,09.01.2021 19:00,3.128,m3/s,Stundenmittelwert
61239,Ebnet Dreisam,Dreisam,Q,09.01.2021 20:00,3.112,m3/s,Stundenmittelwert
61239,Ebnet Dreisam,Dreisam,Q,09.01.2021 21:00,3.072,m3/s,Stundenmittelwert
61239,Ebnet Dreisam,Dreisam,Q,09.01.2021 22:00,3.056,m3/s,Stundenmittelwert
61239,Ebnet Dreisam,Dreisam,Q,09.01.2021 23:00,3.072,m3/s,Stundenmittelwert
61239,Ebnet Dreisam,Dreisam,Q,10.01.2021 00:00,3.012,m3/s,Stundenmittelwert
61239,Ebnet Dreisam,Dreisam,Q,10.01.2021 01:00,3,m3/s,Stundenmittelwert
61239,Ebnet Dreisam,Dreisam,Q,10.01.2021 02:00,2.987,m3/s,Stundenmittelwert
61239,Ebnet Dreisam,Dreisam,Q,10.01.2021 03:00,2.962,m3/s,Stundenmittelwert
61239,Ebnet Dreisam,Dreisam,Q,10.01.2021 04:00,2.924,m3/s,Stundenmittelwert
61239,Ebnet Dreisam,Dreisam,Q,10.01.2021 05:00,2.885,m3/s,Stundenmittelwert
61239,Ebnet Dreisam,Dreisam,Q,10.01.2021 06:00,2.856,m3/s,Stundenmittelwert
61239,Ebnet Dreisam,Dreisam,Q,10.01.2021 07:00,2.834,m3/s,Stundenmittelwert
61239,Ebnet Dreisam,Dreisam,Q,10.01.2021 08:00,2.775,m3/s,Stundenmittelwert
61239,Ebnet Dreisam,Dreisam,Q,10.01.2021 09:00,2.732,m3/s,Stundenmittelwert
61239,Ebnet Dreisam,Dreisam,Q,10.01.2021 10:00,2.779,m3/s,Stundenmittelwert
61239,Ebnet Dreisam,Dreisam,Q,10.01.2021 11:00,2.881,m3/s,Stundenmittelwert
61239,Ebnet Dreisam,Dreisam,Q,10.01.2021 12:00,2.881,m3/s,Stundenmittelwert
61239,Ebnet Dreisam,Dreisam,Q,10.01.2021 13:00,2.864,m3/s,Stundenmittelwert
61239,Ebnet Dreisam,Dreisam,Q,10.01.2021 14:00,2.813,m3/s,Stundenmittelwert
61239,Ebnet Dreisam,Dreisam,Q,10.01.2021 15:00,2.809,m3/s,Stundenmittelwert
61239,Ebnet Dreisam,Dreisam,Q,10.01.2021 16:00,2.805,m3/s,Stundenmittelwert
61239,Ebnet Dreisam,Dreisam,Q,10.01.2021 17:00,2.83,m3/s,Stundenmittelwert
61239,Ebnet Dreisam,Dreisam,Q,10.01.2021 18:00,2.809,m3/s,Stundenmittelwert
61239,Ebnet Dreisam,Dreisam,Q,10.01.2021 19:00,2.817,m3/s,Stundenmittelwert
61239,Ebnet Dreisam,Dreisam,Q,10.01.2021 20:00,2.783,m3/s,Stundenmittelwert
61239,Ebnet Dreisam,Dreisam,Q,10.01.2021 21:00,2.758,m3/s,Stundenmittelwert
61239,Ebnet Dreisam,Dreisam,Q,10.01.2021 22:00,2.741,m3/s,Stundenmittelwert
61239,Ebnet Dreisam,Dreisam,Q,10.01.2021 23:00,2.707,m3/s,Stundenmittelwert
61239,Ebnet Dreisam,Dreisam,Q,11.01.2021 00:00,2.656,m3/s,Stundenmittelwert
61239,Ebnet Dreisam,Dreisam,Q,11.01.2021 01:00,2.596,m3/s,Stundenmittelwert
61239,Ebnet Dreisam,Dreisam,Q,11.01.2021 02:00,2.528,m3/s,Stundenmittelwert
61239,Ebnet Dreisam,Dreisam,Q,11.01.2021 03:00,2.479,m3/s,Stundenmittelwert
61239,Ebnet Dreisam,Dreisam,Q,11.01.2021 04:00,2.458,m3/s,Stundenmittelwert
61239,Ebnet Dreisam,Dreisam,Q,11.01.2021 05:00,2.381,m3/s,Stundenmittelwert
61239,Ebnet Dreisam,Dreisam,Q,11.01.2021 06:00,2.275,m3/s,Stundenmittelwert
61239,Ebnet Dreisam,Dreisam,Q,11.01.2021 07:00,2.207,m3/s,Stundenmittelwert
61239,Ebnet Dreisam,Dreisam,Q,11.01.2021 08:00,2.116,m3/s,Stundenmittelwert
61239,Ebnet Dreisam,Dreisam,Q,11.01.2021 09:00,2.001,m3/s,Stundenmittelwert
61239,Ebnet Dreisam,Dreisam,Q,11.01.2021 10:00,2.165,m3/s,Stundenmittelwert
61239,Ebnet Dreisam,Dreisam,Q,11.01.2021 11:00,2.228,m3/s,Stundenmittelwert
61239,Ebnet Dreisam,Dreisam,Q,11.01.2021 12:00,2.351,m3/s,Stundenmittelwert
61239,Ebnet Dreisam,Dreisam,Q,11.01.2021 13:00,2.511,m3/s,Stundenmittelwert
61239,Ebnet Dreisam,Dreisam,Q,11.01.2021 14:00,2.686,m3/s,Stundenmittelwert
61239,Ebnet Dreisam,Dreisam,Q,11.01.2021 15:00,2.758,m3/s,Stundenmittelwert
61239,Ebnet Dreisam,Dreisam,Q,11.01.2021 16:00,2.834,m3/s,Stundenmittelwert
61239,Ebnet Dreisam,Dreisam,Q,11.01.2021 17:00,2.715,m3/s,Stundenmittelwert
61239,Ebnet Dreisam,Dreisam,Q,11.01.2021 18:00,2.6,m3/s,Stundenmittelwert
61239,Ebnet Dreisam,Dreisam,Q,11.01.2021 19:00,2.544,m3/s,Stundenmittelwert
61239,Ebnet Dreisam,Dreisam,Q,11.01.2021 20:00,2.508,m3/s,Stundenmittelwert
61239,Ebnet Dreisam,Dreisam,Q,11.01.2021 21:00,2.54,m3/s,Stundenmittelwert
61239,Ebnet Dreisam,Dreisam,Q,11.01.2021 22:00,2.528,m3/s,Stundenmittelwert
61239,Ebnet Dreisam,Dreisam,Q,11.01.2021 23:00,2.47,m3/s,Stundenmittelwert
61239,Ebnet Dreisam,Dreisam,Q,12.01.2021 00:00,2.407,m3/s,Stundenmittelwert
61239,Ebnet Dreisam,Dreisam,Q,12.01.2021 01:00,2.368,m3/s,Stundenmittelwert
61239,Ebnet Dreisam,Dreisam,Q,12.01.2021 02:00,2.292,m3/s,Stundenmittelwert
61239,Ebnet Dreisam,Dreisam,Q,12.01.2021 03:00,2.203,m3/s,Stundenmittelwert
61239,Ebnet Dreisam,Dreisam,Q,12.01.2021 04:00,2.182,m3/s,Stundenmittelwert
61239,Ebnet Dreisam,Dreisam,Q,12.01.2021 05:00,2.283,m3/s,Stundenmittelwert
61239,Ebnet Dreisam,Dreisam,Q,12.01.2021 06:00,2.364,m3/s,Stundenmittelwert
61239,Ebnet Dreisam,Dreisam,Q,12.01.2021 07:00,2.474,m3/s,Stundenmittelwert
61239,Ebnet Dreisam,Dreisam,Q,12.01.2021 08:00,2.763,m3/s,Stundenmittelwert
61239,Ebnet Dreisam,Dreisam,Q,12.01.2021 09:00,2.572,m3/s,Stundenmittelwert
61239,Ebnet Dreisam,Dreisam,Q,12.01.2021 10:00,2.56,m3/s,Stundenmittelwert
61239,Ebnet Dreisam,Dreisam,Q,12.01.2021 11:00,2.589,m3/s,Stundenmittelwert
61239,Ebnet Dreisam,Dreisam,Q,12.01.2021 12:00,3.141,m3/s,Stundenmittelwert
61239,Ebnet Dreisam,Dreisam,Q,12.01.2021 13:00,3.985,m3/s,Stundenmittelwert
61239,Ebnet Dreisam,Dreisam,Q,12.01.2021 14:00,4.704,m3/s,Stundenmittelwert
61239,Ebnet Dreisam,Dreisam,Q,12.01.2021 15:00,4.243,m3/s,Stundenmittelwert
61239,Ebnet Dreisam,Dreisam,Q,12.01.2021 16:00,4.029,m3/s,Stundenmittelwert
61239,Ebnet Dreisam,Dreisam,Q,12.01.2021 17:00,3.967,m3/s,Stundenmittelwert
61239,Ebnet Dreisam,Dreisam,Q,12.01.2021 18:00,4.199,m3/s,Stundenmittelwert
61239,Ebnet Dreisam,Dreisam,Q,12.01.2021 19:00,4.093,m3/s,Stundenmittelwert
61239,Ebnet Dreisam,Dreisam,Q,12.01.2021 20:00,3.87,m3/s,Stundenmittelwert
61239,Ebnet Dreisam,Dreisam,Q,12.01.2021 21:00,3.68,m3/s,Stundenmittelwert
61239,Ebnet Dreisam,Dreisam,Q,12.01.2021 22:00,3.574,m3/s,Stundenmittelwert
61239,Ebnet Dreisam,Dreisam,Q,12.01.2021 23:00,3.55,m3/s,Stundenmittelwert
61239,Ebnet Dreisam,Dreisam,Q,13.01.2021 00:00,3.622,m3/s,Stundenmittelwert
61239,Ebnet Dreisam,Dreisam,Q,13.01.2021 01:00,3.663,m3/s,Stundenmittelwert
61239,Ebnet Dreisam,Dreisam,Q,13.01.2021 02:00,3.618,m3/s,Stundenmittelwert
61239,Ebnet Dreisam,Dreisam,Q,13.01.2021 03:00,3.522,m3/s,Stundenmittelwert
61239,Ebnet Dreisam,Dreisam,Q,13.01.2021 04:00,3.406,m3/s,Stundenmittelwert
61239,Ebnet Dreisam,Dreisam,Q,13.01.2021 05:00,3.3,m3/s,Stundenmittelwert
61239,Ebnet Dreisam,Dreisam,Q,13.01.2021 06:00,3.207,m3/s,Stundenmittelwert
61239,Ebnet Dreisam,Dreisam,Q,13.01.2021 07:00,3.14,m3/s,Stundenmittelwert
61239,Ebnet Dreisam,Dreisam,Q,13.01.2021 08:00,3.1,m3/s,Stundenmittelwert
61239,Ebnet Dreisam,Dreisam,Q,13.01.2021 09:00,3.04,m3/s,Stundenmittelwert
61239,Ebnet Dreisam,Dreisam,Q,13.01.2021 10:00,2.991,m3/s,Stundenmittelwert
61239,Ebnet Dreisam,Dreisam,Q,13.01.2021 11:00,2.992,m3/s,Stundenmittelwert
61239,Ebnet Dreisam,Dreisam,Q,13.01.2021 12:00,2.987,m3/s,Stundenmittelwert
61239,Ebnet Dreisam,Dreisam,Q,13.01.2021 13:00,2.97,m3/s,Stundenmittelwert
61239,Ebnet Dreisam,Dreisam,Q,13.01.2021 14:00,2.958,m3/s,Stundenmittelwert
61239,Ebnet Dreisam,Dreisam,Q,13.01.2021 15:00,2.983,m3/s,Stundenmittelwert
61239,Ebnet Dreisam,Dreisam,Q,13.01.2021 16:00,2.953,m3/s,Stundenmittelwert
61239,Ebnet Dreisam,Dreisam,Q,13.01.2021 17:00,2.949,m3/s,Stundenmittelwert
61239,Ebnet Dreisam,Dreisam,Q,13.01.2021 18:00,3.302,m3/s,Stundenmittelwert
61239,Ebnet Dreisam,Dreisam,Q,13.01.2021 19:00,3.86,m3/s,Stundenmittelwert
61239,Ebnet Dreisam,Dreisam,Q,13.01.2021 20:00,4.425,m3/s,Stundenmittelwert
61239,Ebnet Dreisam,Dreisam,Q,13.01.2021 21:00,4.902,m3/s,Stundenmittelwert
61239,Ebnet Dreisam,Dreisam,Q,13.01.2021 22:00,5.41,m3/s,Stundenmittelwert
61239,Ebnet Dreisam,Dreisam,Q,13.01.2021 23:00,6.281,m3/s,Stundenmittelwert
61239,Ebnet Dreisam,Dreisam,Q,14.01.2021 00:00,7.68,m3/s,Stundenmittelwert
61239,Ebnet Dreisam,Dreisam,Q,14.01.2021 01:00,9.52,m3/s,Stundenmittelwert
61239,Ebnet Dreisam,Dreisam,Q,14.01.2021 02:00,12.355,m3/s,Stundenmittelwert
61239,Ebnet Dreisam,Dreisam,Q,14.01.2021 03:00,16.353,m3/s,Stundenmittelwert
61239,Ebnet Dreisam,Dreisam,Q,14.01.2021 04:00,17.72,m3/s,Stundenmittelwert
61239,Ebnet Dreisam,Dreisam,Q,14.01.2021 05:00,17.89,m3/s,Stundenmittelwert
61239,Ebnet Dreisam,Dreisam,Q,14.01.2021 06:00,21.215,m3/s,Stundenmittelwert
61239,Ebnet Dreisam,Dreisam,Q,14.01.2021 07:00,21.545,m3/s,Stundenmittelwert
61239,Ebnet Dreisam,Dreisam,Q,14.01.2021 08:00,20.3,m3/s,Stundenmittelwert
61239,Ebnet Dreisam,Dreisam,Q,14.01.2021 09:00,19.618,m3/s,Stundenmittelwert
61239,Ebnet Dreisam,Dreisam,Q,14.01.2021 10:00,18.78,m3/s,Stundenmittelwert
61239,Ebnet Dreisam,Dreisam,Q,14.01.2021 11:00,17.943,m3/s,Stundenmittelwert
61239,Ebnet Dreisam,Dreisam,Q,14.01.2021 12:00,16.96,m3/s,Stundenmittelwert
61239,Ebnet Dreisam,Dreisam,Q,14.01.2021 13:00,16.063,m3/s,Stundenmittelwert
61239,Ebnet Dreisam,Dreisam,Q,14.01.2021 14:00,15.33,m3/s,Stundenmittelwert
61239,Ebnet Dreisam,Dreisam,Q,14.01.2021 15:00,14.618,m3/s,Stundenmittelwert
61239,Ebnet Dreisam,Dreisam,Q,14.01.2021 16:00,13.84,m3/s,Stundenmittelwert
61239,Ebnet Dreisam,Dreisam,Q,14.01.2021 17:00,13.065,m3/s,Stundenmittelwert
61239,Ebnet Dreisam,Dreisam,Q,14.01.2021 18:00,12.44,m3/s,Stundenmittelwert
61239,Ebnet Dreisam,Dreisam,Q,14.01.2021 19:00,11.92,m3/s,Stundenmittelwert
61239,Ebnet Dreisam,Dreisam,Q,14.01.2021 20:00,11.583,m3/s,Stundenmittelwert
61239,Ebnet Dreisam,Dreisam,Q,14.01.2021 21:00,11.32,m3/s,Stundenmittelwert
61239,Ebnet Dreisam,Dreisam,Q,14.01.2021 22:00,11.148,m3/s,Stundenmittelwert
61239,Ebnet Dreisam,Dreisam,Q,14.01.2021 23:00,11.073,m3/s,Stundenmittelwert
61239,Ebnet Dreisam,Dreisam,Q,15.01.2021 00:00,10.938,m3/s,Stundenmittelwert
61239,Ebnet Dreisam,Dreisam,Q,15.01.2021 01:00,10.78,m3/s,Stundenmittelwert
61239,Ebnet Dreisam,Dreisam,Q,15.01.2021 02:00,10.638,m3/s,Stundenmittelwert
61239,Ebnet Dreisam,Dreisam,Q,15.01.2021 03:00,10.525,m3/s,Stundenmittelwert
61239,Ebnet Dreisam,Dreisam,Q,15.01.2021 04:00,10.315,m3/s,Stundenmittelwert
61239,Ebnet Dreisam,Dreisam,Q,15.01.2021 05:00,10.233,m3/s,Stundenmittelwert
61239,Ebnet Dreisam,Dreisam,Q,15.01.2021 06:00,10.128,m3/s,Stundenmittelwert
61239,Ebnet Dreisam,Dreisam,Q,15.01.2021 07:00,10.006,m3/s,Stundenmittelwert
61239,Ebnet Dreisam,Dreisam,Q,15.01.2021 08:00,9.758,m3/s,Stundenmittelwert
61239,Ebnet Dreisam,Dreisam,Q,15.01.2021 09:00,9.911,m3/s,Stundenmittelwert
61239,Ebnet Dreisam,Dreisam,Q,15.01.2021 10:00,9.91,m3/s,Stundenmittelwert
61239,Ebnet Dreisam,Dreisam,Q,15.01.2021 11:00,9.686,m3/s,Stundenmittelwert
61239,Ebnet Dreisam,Dreisam,Q,15.01.2021 12:00,9.558,m3/s,Stundenmittelwert
61239,Ebnet Dreisam,Dreisam,Q,15.01.2021 13:00,9.452,m3/s,Stundenmittelwert
61239,Ebnet Dreisam,Dreisam,Q,15.01.2021 14:00,9.354,m3/s,Stundenmittelwert
61239,Ebnet Dreisam,Dreisam,Q,15.01.2021 15:00,9.302,m3/s,Stundenmittelwert
61239,Ebnet Dreisam,Dreisam,Q,15.01.2021 16:00,9.149,m3/s,Stundenmittelwert
61239,Ebnet Dreisam,Dreisam,Q,15.01.2021 17:00,9.024,m3/s,Stundenmittelwert
61239,Ebnet Dreisam,Dreisam,Q,15.01.2021 18:00,8.87,m3/s,Stundenmittelwert
61239,Ebnet Dreisam,Dreisam,Q,15.01.2021 19:00,8.824,m3/s,Stundenmittelwert
61239,Ebnet Dreisam,Dreisam,Q,15.01.2021 20:00,8.792,m3/s,Stundenmittelwert
61239,Ebnet Dreisam,Dreisam,Q,15.01.2021 21:00,8.664,m3/s,Stundenmittelwert
61239,Ebnet Dreisam,Dreisam,Q,15.01.2021 22:00,8.526,m3/s,Stundenmittelwert
61239,Ebnet Dreisam,Dreisam,Q,15.01.2021 23:00,8.451,m3/s,Stundenmittelwert
61239,Ebnet Dreisam,Dreisam,Q,16.01.2021 00:00,8.314,m3/s,Stundenmittelwert
61239,Ebnet Dreisam,Dreisam,Q,16.01.2021 01:00,8.213,m3/s,Stundenmittelwert
61239,Ebnet Dreisam,Dreisam,Q,16.01.2021 02:00,8.148,m3/s,Stundenmittelwert
61239,Ebnet Dreisam,Dreisam,Q,16.01.2021 03:00,8.032,m3/s,Stundenmittelwert
61239,Ebnet Dreisam,Dreisam,Q,16.01.2021 04:00,7.942,m3/s,Stundenmittelwert
61239,Ebnet Dreisam,Dreisam,Q,16.01.2021 05:00,7.848,m3/s,Stundenmittelwert
61239,Ebnet Dreisam,Dreisam,Q,16.01.2021 06:00,7.754,m3/s,Stundenmittelwert
61239,Ebnet Dreisam,Dreisam,Q,16.01.2021 07:00,7.69,m3/s,Stundenmittelwert
61239,Ebnet Dreisam,Dreisam,Q,16.01.2021 08:00,7.561,m3/s,Stundenmittelwert
61239,Ebnet Dreisam,Dreisam,Q,16.01.2021 09:00,7.509,m3/s,Stundenmittelwert
61239,Ebnet Dreisam,Dreisam,Q,16.01.2021 10:00,7.496,m3/s,Stundenmittelwert
61239,Ebnet Dreisam,Dreisam,Q,16.01.2021 11:00,7.428,m3/s,Stundenmittelwert
61239,Ebnet Dreisam,Dreisam,Q,16.01.2021 12:00,7.401,m3/s,Stundenmittelwert
61239,Ebnet Dreisam,Dreisam,Q,16.01.2021 13:00,7.423,m3/s,Stundenmittelwert
61239,Ebnet Dreisam,Dreisam,Q,16.01.2021 14:00,7.412,m3/s,Stundenmittelwert
61239,Ebnet Dreisam,Dreisam,Q,16.01.2021 15:00,7.368,m3/s,Stundenmittelwert
61239,Ebnet Dreisam,Dreisam,Q,16.01.2021 16:00,7.346,m3/s,Stundenmittelwert
61239,Ebnet Dreisam,Dreisam,Q,16.01.2021 17:00,7.302,m3/s,Stundenmittelwert
61239,Ebnet Dreisam,Dreisam,Q,16.01.2021 18:00,7.285,m3/s,Stundenmittelwert
61239,Ebnet Dreisam,Dreisam,Q,16.01.2021 19:00,7.225,m3/s,Stundenmittelwert
61239,Ebnet Dreisam,Dreisam,Q,16.01.2021 20:00,7.186,m3/s,Stundenmittelwert
61239,Ebnet Dreisam,Dreisam,Q,16.01.2021 21:00,7.164,m3/s,Stundenmittelwert
61239,Ebnet Dreisam,Dreisam,Q,16.01.2021 22:00,7.087,m3/s,Stundenmittelwert
61239,Ebnet Dreisam,Dreisam,Q,16.01.2021 23:00,7.115,m3/s,Stundenmittelwert
61239,Ebnet Dreisam,Dreisam,Q,17.01.2021 00:00,7.126,m3/s,Stundenmittelwert
61239,Ebnet Dreisam,Dreisam,Q,17.01.2021 01:00,7.109,m3/s,Stundenmittelwert
61239,Ebnet Dreisam,Dreisam,Q,17.01.2021 02:00,7.109,m3/s,Stundenmittelwert
61239,Ebnet Dreisam,Dreisam,Q,17.01.2021 03:00,7.098,m3/s,Stundenmittelwert
61239,Ebnet Dreisam,Dreisam,Q,17.01.2021 04:00,7.082,m3/s,Stundenmittelwert
61239,Ebnet Dreisam,Dreisam,Q,17.01.2021 05:00,7.06,m3/s,Stundenmittelwert
61239,Ebnet Dreisam,Dreisam,Q,17.01.2021 06:00,7.027,m3/s,Stundenmittelwert
61239,Ebnet Dreisam,Dreisam,Q,17.01.2021 07:00,6.994,m3/s,Stundenmittelwert
61239,Ebnet Dreisam,Dreisam,Q,17.01.2021 08:00,6.939,m3/s,Stundenmittelwert
61239,Ebnet Dreisam,Dreisam,Q,17.01.2021 09:00,6.9,m3/s,Stundenmittelwert
61239,Ebnet Dreisam,Dreisam,Q,17.01.2021 10:00,6.829,m3/s,Stundenmittelwert
61239,Ebnet Dreisam,Dreisam,Q,17.01.2021 11:00,6.829,m3/s,Stundenmittelwert
61239,Ebnet Dreisam,Dreisam,Q,17.01.2021 12:00,6.791,m3/s,Stundenmittelwert
61239,Ebnet Dreisam,Dreisam,Q,17.01.2021 13:00,6.785,m3/s,Stundenmittelwert
61239,Ebnet Dreisam,Dreisam,Q,17.01.2021 14:00,6.738,m3/s,Stundenmittelwert
61239,Ebnet Dreisam,Dreisam,Q,17.01.2021 15:00,6.718,m3/s,Stundenmittelwert
61239,Ebnet Dreisam,Dreisam,Q,17.01.2021 16:00,6.78,m3/s,Stundenmittelwert
61239,Ebnet Dreisam,Dreisam,Q,17.01.2021 17:00,6.68,m3/s,Stundenmittelwert
61239,Ebnet Dreisam,Dreisam,Q,17.01.2021 18:00,6.659,m3/s,Stundenmittelwert
61239,Ebnet Dreisam,Dreisam,Q,17.01.2021 19:00,6.633,m3/s,Stundenmittelwert
61239,Ebnet Dreisam,Dreisam,Q,17.01.2021 20:00,6.585,m3/s,Stundenmittelwert
61239,Ebnet Dreisam,Dreisam,Q,17.01.2021 21:00,6.569,m3/s,Stundenmittelwert
61239,Ebnet Dreisam,Dreisam,Q,17.01.2021 22:00,6.542,m3/s,Stundenmittelwert
61239,Ebnet Dreisam,Dreisam,Q,17.01.2021 23:00,6.476,m3/s,Stundenmittelwert
61239,Ebnet Dreisam,Dreisam,Q,18.01.2021 00:00,6.393,m3/s,Stundenmittelwert
61239,Ebnet Dreisam,Dreisam,Q,18.01.2021 01:00,6.316,m3/s,Stundenmittelwert
61239,Ebnet Dreisam,Dreisam,Q,18.01.2021 02:00,6.261,m3/s,Stundenmittelwert
61239,Ebnet Dreisam,Dreisam,Q,18.01.2021 03:00,6.228,m3/s,Stundenmittelwert
61239,Ebnet Dreisam,Dreisam,Q,18.01.2021 04:00,6.212,m3/s,Stundenmittelwert
61239,Ebnet Dreisam,Dreisam,Q,18.01.2021 05:00,6.157,m3/s,Stundenmittelwert
61239,Ebnet Dreisam,Dreisam,Q,18.01.2021 06:00,6.124,m3/s,Stundenmittelwert
61239,Ebnet Dreisam,Dreisam,Q,18.01.2021 07:00,6.041,m3/s,Stundenmittelwert
61239,Ebnet Dreisam,Dreisam,Q,18.01.2021 08:00,6.003,m3/s,Stundenmittelwert
61239,Ebnet Dreisam,Dreisam,Q,18.01.2021 09:00,6.003,m3/s,Stundenmittelwert
61239,Ebnet Dreisam,Dreisam,Q,18.01.2021 10:00,6.008,m3/s,Stundenmittelwert
61239,Ebnet Dreisam,Dreisam,Q,18.01.2021 11:00,5.997,m3/s,Stundenmittelwert
61239,Ebnet Dreisam,Dreisam,Q,18.01.2021 12:00,5.958,m3/s,Stundenmittelwert
61239,Ebnet Dreisam,Dreisam,Q,18.01.2021 13:00,5.99,m3/s,Stundenmittelwert
61239,Ebnet Dreisam,Dreisam,Q,18.01.2021 14:00,5.986,m3/s,Stundenmittelwert
61239,Ebnet Dreisam,Dreisam,Q,18.01.2021 15:00,5.953,m3/s,Stundenmittelwert
61239,Ebnet Dreisam,Dreisam,Q,18.01.2021 16:00,5.926,m3/s,Stundenmittelwert
61239,Ebnet Dreisam,Dreisam,Q,18.01.2021 17:00,5.886,m3/s,Stundenmittelwert
61239,Ebnet Dreisam,Dreisam,Q,18.01.2021 18:00,5.84,m3/s,Stundenmittelwert
61239,Ebnet Dreisam,Dreisam,Q,18.01.2021 19:00,5.799,m3/s,Stundenmittelwert
61239,Ebnet Dreisam,Dreisam,Q,18.01.2021 20:00,5.788,m3/s,Stundenmittelwert
61239,Ebnet Dreisam,Dreisam,Q,18.01.2021 21:00,5.794,m3/s,Stundenmittelwert
61239,Ebnet Dreisam,Dreisam,Q,18.01.2021 22:00,5.736,m3/s,Stundenmittelwert
61239,Ebnet Dreisam,Dreisam,Q,19.01.2021 06:00,5.546,m3/s,Stundenmittelwert
61239,Ebnet Dreisam,Dreisam,Q,19.01.2021 07:00,5.512,m3/s,Stundenmittelwert
61239,Ebnet Dreisam,Dreisam,Q,19.01.2021 08:00,5.456,m3/s,Stundenmittelwert
61239,Ebnet Dreisam,Dreisam,Q,19.01.2021 09:00,5.213,m3/s,Stundenmittelwert
61239,Ebnet Dreisam,Dreisam,Q,19.01.2021 10:00,5.153,m3/s,Stundenmittelwert
61239,Ebnet Dreisam,Dreisam,Q,19.01.2021 11:00,5.143,m3/s,Stundenmittelwert
61239,Ebnet Dreisam,Dreisam,Q,19.01.2021 12:00,5.235,m3/s,Stundenmittelwert
61239,Ebnet Dreisam,Dreisam,Q,19.01.2021 13:00,5.162,m3/s,Stundenmittelwert
61239,Ebnet Dreisam,Dreisam,Q,19.01.2021 14:00,5.113,m3/s,Stundenmittelwert
61239,Ebnet Dreisam,Dreisam,Q,19.01.2021 15:00,5.189,m3/s,Stundenmittelwert
61239,Ebnet Dreisam,Dreisam,Q,19.01.2021 16:00,5.201,m3/s,Stundenmittelwert
61239,Ebnet Dreisam,Dreisam,Q,19.01.2021 17:00,5.14,m3/s,Stundenmittelwert
61239,Ebnet Dreisam,Dreisam,Q,19.01.2021 18:00,5.218,m3/s,Stundenmittelwert
61239,Ebnet Dreisam,Dreisam,Q,19.01.2021 19:00,5.072,m3/s,Stundenmittelwert
61239,Ebnet Dreisam,Dreisam,Q,19.01.2021 20:00,5.158,m3/s,Stundenmittelwert
61239,Ebnet Dreisam,Dreisam,Q,19.01.2021 21:00,5.122,m3/s,Stundenmittelwert
61239,Ebnet Dreisam,Dreisam,Q,19.01.2021 22:00,5.063,m3/s,Stundenmittelwert
61239,Ebnet Dreisam,Dreisam,Q,19.01.2021 23:00,5.045,m3/s,Stundenmittelwert
61239,Ebnet Dreisam,Dreisam,Q,20.01.2021 00:00,4.994,m3/s,Stundenmittelwert
61239,Ebnet Dreisam,Dreisam,Q,20.01.2021 01:00,4.963,m3/s,Stundenmittelwert
61239,Ebnet Dreisam,Dreisam,Q,20.01.2021 02:00,4.95,m3/s,Stundenmittelwert
61239,Ebnet Dreisam,Dreisam,Q,20.01.2021 03:00,4.989,m3/s,Stundenmittelwert
61239,Ebnet Dreisam,Dreisam,Q,20.01.2021 04:00,4.903,m3/s,Stundenmittelwert
61239,Ebnet Dreisam,Dreisam,Q,20.01.2021 05:00,4.869,m3/s,Stundenmittelwert
61239,Ebnet Dreisam,Dreisam,Q,20.01.2021 06:00,4.856,m3/s,Stundenmittelwert
61239,Ebnet Dreisam,Dreisam,Q,20.01.2021 07:00,4.838,m3/s,Stundenmittelwert
61239,Ebnet Dreisam,Dreisam,Q,20.01.2021 08:00,4.781,m3/s,Stundenmittelwert
61239,Ebnet Dreisam,Dreisam,Q,20.01.2021 09:00,4.724,m3/s,Stundenmittelwert
61239,Ebnet Dreisam,Dreisam,Q,20.01.2021 10:00,4.806,m3/s,Stundenmittelwert
61239,Ebnet Dreisam,Dreisam,Q,20.01.2021 11:00,4.9,m3/s,Stundenmittelwert
61239,Ebnet Dreisam,Dreisam,Q,20.01.2021 12:00,4.925,m3/s,Stundenmittelwert
61239,Ebnet Dreisam,Dreisam,Q,20.01.2021 13:00,4.973,m3/s,Stundenmittelwert
61239,Ebnet Dreisam,Dreisam,Q,20.01.2021 14:00,5.056,m3/s,Stundenmittelwert
61239,Ebnet Dreisam,Dreisam,Q,20.01.2021 15:00,5.153,m3/s,Stundenmittelwert
61239,Ebnet Dreisam,Dreisam,Q,20.01.2021 16:00,5.175,m3/s,Stundenmittelwert
61239,Ebnet Dreisam,Dreisam,Q,20.01.2021 17:00,5.218,m3/s,Stundenmittelwert
61239,Ebnet Dreisam,Dreisam,Q,20.01.2021 18:00,5.166,m3/s,Stundenmittelwert
61239,Ebnet Dreisam,Dreisam,Q,20.01.2021 19:00,5.201,m3/s,Stundenmittelwert
61239,Ebnet Dreisam,Dreisam,Q,20.01.2021 20:00,5.18,m3/s,Stundenmittelwert
61239,Ebnet Dreisam,Dreisam,Q,20.01.2021 21:00,5.223,m3/s,Stundenmittelwert
61239,Ebnet Dreisam,Dreisam,Q,20.01.2021 22:00,5.184,m3/s,Stundenmittelwert
61239,Ebnet Dreisam,Dreisam,Q,20.01.2021 23:00,5.188,m3/s,Stundenmittelwert
61239,Ebnet Dreisam,Dreisam,Q,21.01.2021 00:00,5.18,m3/s,Stundenmittelwert
61239,Ebnet Dreisam,Dreisam,Q,21.01.2021 01:00,5.162,m3/s,Stundenmittelwert
61239,Ebnet Dreisam,Dreisam,Q,21.01.2021 02:00,5.193,m3/s,Stundenmittelwert
61239,Ebnet Dreisam,Dreisam,Q,21.01.2021 03:00,5.196,m3/s,Stundenmittelwert
61239,Ebnet Dreisam,Dreisam,Q,21.01.2021 04:00,5.269,m3/s,Stundenmittelwert
61239,Ebnet Dreisam,Dreisam,Q,21.01.2021 05:00,5.265,m3/s,Stundenmittelwert
61239,Ebnet Dreisam,Dreisam,Q,21.01.2021 06:00,5.286,m3/s,Stundenmittelwert
61239,Ebnet Dreisam,Dreisam,Q,21.01.2021 07:00,5.38,m3/s,Stundenmittelwert
61239,Ebnet Dreisam,Dreisam,Q,21.01.2021 08:00,5.427,m3/s,Stundenmittelwert
61239,Ebnet Dreisam,Dreisam,Q,21.01.2021 09:00,5.58,m3/s,Stundenmittelwert
61239,Ebnet Dreisam,Dreisam,Q,21.01.2021 10:00,5.807,m3/s,Stundenmittelwert
61239,Ebnet Dreisam,Dreisam,Q,21.01.2021 11:00,6.08,m3/s,Stundenmittelwert
61239,Ebnet Dreisam,Dreisam,Q,21.01.2021 12:00,6.431,m3/s,Stundenmittelwert
61239,Ebnet Dreisam,Dreisam,Q,21.01.2021 13:00,6.87,m3/s,Stundenmittelwert
61239,Ebnet Dreisam,Dreisam,Q,21.01.2021 14:00,7.45,m3/s,Stundenmittelwert
61239,Ebnet Dreisam,Dreisam,Q,21.01.2021 15:00,8.089,m3/s,Stundenmittelwert
61239,Ebnet Dreisam,Dreisam,Q,21.01.2021 16:00,8.408,m3/s,Stundenmittelwert
61239,Ebnet Dreisam,Dreisam,Q,21.01.2021 17:00,8.967,m3/s,Stundenmittelwert
61239,Ebnet Dreisam,Dreisam,Q,21.01.2021 18:00,8.824,m3/s,Stundenmittelwert
61239,Ebnet Dreisam,Dreisam,Q,21.01.2021 19:00,9.38,m3/s,Stundenmittelwert
61239,Ebnet Dreisam,Dreisam,Q,21.01.2021 20:00,9.466,m3/s,Stundenmittelwert
61239,Ebnet Dreisam,Dreisam,Q,21.01.2021 21:00,9.571,m3/s,Stundenmittelwert
61239,Ebnet Dreisam,Dreisam,Q,21.01.2021 22:00,9.712,m3/s,Stundenmittelwert
61239,Ebnet Dreisam,Dreisam,Q,21.01.2021 23:00,10.191,m3/s,Stundenmittelwert
61239,Ebnet Dreisam,Dreisam,Q,22.01.2021 00:00,12.398,m3/s,Stundenmittelwert
61239,Ebnet Dreisam,Dreisam,Q,22.01.2021 01:00,14.67,m3/s,Stundenmittelwert
61239,Ebnet Dreisam,Dreisam,Q,22.01.2021 02:00,16.618,m3/s,Stundenmittelwert
61239,Ebnet Dreisam,Dreisam,Q,22.01.2021 03:00,17.833,m3/s,Stundenmittelwert
61239,Ebnet Dreisam,Dreisam,Q,22.01.2021 04:00,18.52,m3/s,Stundenmittelwert
61239,Ebnet Dreisam,Dreisam,Q,22.01.2021 05:00,18.29,m3/s,Stundenmittelwert
61239,Ebnet Dreisam,Dreisam,Q,22.01.2021 06:00,17.865,m3/s,Stundenmittelwert
61239,Ebnet Dreisam,Dreisam,Q,22.01.2021 07:00,16.95,m3/s,Stundenmittelwert
61239,Ebnet Dreisam,Dreisam,Q,22.01.2021 08:00,16.555,m3/s,Stundenmittelwert
61239,Ebnet Dreisam,Dreisam,Q,22.01.2021 09:00,16.05,m3/s,Stundenmittelwert
61239,Ebnet Dreisam,Dreisam,Q,22.01.2021 10:00,15.82,m3/s,Stundenmittelwert
61239,Ebnet Dreisam,Dreisam,Q,22.01.2021 11:00,15.86,m3/s,Stundenmittelwert
61239,Ebnet Dreisam,Dreisam,Q,22.01.2021 12:00,15.7,m3/s,Stundenmittelwert
61239,Ebnet Dreisam,Dreisam,Q,22.01.2021 13:00,15.86,m3/s,Stundenmittelwert
61239,Ebnet Dreisam,Dreisam,Q,22.01.2021 14:00,15.32,m3/s,Stundenmittelwert
61239,Ebnet Dreisam,Dreisam,Q,22.01.2021 15:00,15.73,m3/s,Stundenmittelwert
61239,Ebnet Dreisam,Dreisam,Q,22.01.2021 16:00,16.218,m3/s,Stundenmittelwert
61239,Ebnet Dreisam,Dreisam,Q,22.01.2021 17:00,17.558,m3/s,Stundenmittelwert
61239,Ebnet Dreisam,Dreisam,Q,22.01.2021 18:00,17.998,m3/s,Stundenmittelwert
61239,Ebnet Dreisam,Dreisam,Q,22.01.2021 19:00,18.08,m3/s,Stundenmittelwert
61239,Ebnet Dreisam,Dreisam,Q,22.01.2021 20:00,18.07,m3/s,Stundenmittelwert
61239,Ebnet Dreisam,Dreisam,Q,22.01.2021 21:00,18.28,m3/s,Stundenmittelwert
61239,Ebnet Dreisam,Dreisam,Q,22.01.2021 22:00,18.368,m3/s,Stundenmittelwert
61239,Ebnet Dreisam,Dreisam,Q,22.01.2021 23:00,17.77,m3/s,Stundenmittelwert
61239,Ebnet Dreisam,Dreisam,Q,23.01.2021 00:00,17.885,m3/s,Stundenmittelwert
61239,Ebnet Dreisam,Dreisam,Q,23.01.2021 01:00,17.57,m3/s,Stundenmittelwert
61239,Ebnet Dreisam,Dreisam,Q,23.01.2021 02:00,17.738,m3/s,Stundenmittelwert
61239,Ebnet Dreisam,Dreisam,Q,23.01.2021 03:00,17.515,m3/s,Stundenmittelwert
61239,Ebnet Dreisam,Dreisam,Q,23.01.2021 04:00,17.335,m3/s,Stundenmittelwert
61239,Ebnet Dreisam,Dreisam,Q,23.01.2021 05:00,17.288,m3/s,Stundenmittelwert
61239,Ebnet Dreisam,Dreisam,Q,23.01.2021 06:00,17.31,m3/s,Stundenmittelwert
61239,Ebnet Dreisam,Dreisam,Q,23.01.2021 07:00,17.23,m3/s,Stundenmittelwert
61239,Ebnet Dreisam,Dreisam,Q,23.01.2021 08:00,17.108,m3/s,Stundenmittelwert
61239,Ebnet Dreisam,Dreisam,Q,23.01.2021 09:00,17.93,m3/s,Stundenmittelwert
61239,Ebnet Dreisam,Dreisam,Q,23.01.2021 10:00,18.813,m3/s,Stundenmittelwert
61239,Ebnet Dreisam,Dreisam,Q,23.01.2021 11:00,18.643,m3/s,Stundenmittelwert
61239,Ebnet Dreisam,Dreisam,Q,23.01.2021 12:00,18.89,m3/s,Stundenmittelwert
61239,Ebnet Dreisam,Dreisam,Q,23.01.2021 13:00,18.753,m3/s,Stundenmittelwert
61239,Ebnet Dreisam,Dreisam,Q,23.01.2021 14:00,18.66,m3/s,Stundenmittelwert
61239,Ebnet Dreisam,Dreisam,Q,23.01.2021 15:00,18.653,m3/s,Stundenmittelwert
61239,Ebnet Dreisam,Dreisam,Q,23.01.2021 16:00,18.53,m3/s,Stundenmittelwert
61239,Ebnet Dreisam,Dreisam,Q,23.01.2021 17:00,18.37,m3/s,Stundenmittelwert
61239,Ebnet Dreisam,Dreisam,Q,23.01.2021 18:00,18.33,m3/s,Stundenmittelwert
61239,Ebnet Dreisam,Dreisam,Q,23.01.2021 19:00,18.45,m3/s,Stundenmittelwert
61239,Ebnet Dreisam,Dreisam,Q,23.01.2021 20:00,18.37,m3/s,Stundenmittelwert
61239,Ebnet Dreisam,Dreisam,Q,23.01.2021 21:00,18.49,m3/s,Stundenmittelwert
61239,Ebnet Dreisam,Dreisam,Q,23.01.2021 22:00,18.63,m3/s,Stundenmittelwert
61239,Ebnet Dreisam,Dreisam,Q,23.01.2021 23:00,18.593,m3/s,Stundenmittelwert
61239,Ebnet Dreisam,Dreisam,Q,24.01.2021 00:00,18.29,m3/s,Stundenmittelwert
61239,Ebnet Dreisam,Dreisam,Q,24.01.2021 01:00,18.2,m3/s,Stundenmittelwert
61239,Ebnet Dreisam,Dreisam,Q,24.01.2021 02:00,17.943,m3/s,Stundenmittelwert
61239,Ebnet Dreisam,Dreisam,Q,24.01.2021 03:00,17.7,m3/s,Stundenmittelwert
61239,Ebnet Dreisam,Dreisam,Q,24.01.2021 04:00,17.29,m3/s,Stundenmittelwert
61239,Ebnet Dreisam,Dreisam,Q,24.01.2021 05:00,17.05,m3/s,Stundenmittelwert
61239,Ebnet Dreisam,Dreisam,Q,24.01.2021 06:00,16.78,m3/s,Stundenmittelwert
61239,Ebnet Dreisam,Dreisam,Q,24.01.2021 07:00,16.425,m3/s,Stundenmittelwert
61239,Ebnet Dreisam,Dreisam,Q,24.01.2021 08:00,16.13,m3/s,Stundenmittelwert
61239,Ebnet Dreisam,Dreisam,Q,24.01.2021 09:00,15.8,m3/s,Stundenmittelwert
61239,Ebnet Dreisam,Dreisam,Q,24.01.2021 10:00,15.59,m3/s,Stundenmittelwert
61239,Ebnet Dreisam,Dreisam,Q,24.01.2021 11:00,15.42,m3/s,Stundenmittelwert
61239,Ebnet Dreisam,Dreisam,Q,24.01.2021 12:00,15.08,m3/s,Stundenmittelwert
61239,Ebnet Dreisam,Dreisam,Q,24.01.2021 13:00,14.903,m3/s,Stundenmittelwert
61239,Ebnet Dreisam,Dreisam,Q,24.01.2021 14:00,14.638,m3/s,Stundenmittelwert
61239,Ebnet Dreisam,Dreisam,Q,24.01.2021 15:00,14.398,m3/s,Stundenmittelwert
61239,Ebnet Dreisam,Dreisam,Q,24.01.2021 16:00,13.665,m3/s,Stundenmittelwert
61239,Ebnet Dreisam,Dreisam,Q,24.01.2021 17:00,14.265,m3/s,Stundenmittelwert
61239,Ebnet Dreisam,Dreisam,Q,24.01.2021 18:00,13.995,m3/s,Stundenmittelwert
61239,Ebnet Dreisam,Dreisam,Q,24.01.2021 19:00,13.3,m3/s,Stundenmittelwert
61239,Ebnet Dreisam,Dreisam,Q,24.01.2021 20:00,13.045,m3/s,Stundenmittelwert
61239,Ebnet Dreisam,Dreisam,Q,24.01.2021 21:00,12.75,m3/s,Stundenmittelwert
61239,Ebnet Dreisam,Dreisam,Q,24.01.2021 22:00,12.49,m3/s,Stundenmittelwert
61239,Ebnet Dreisam,Dreisam,Q,24.01.2021 23:00,12.293,m3/s,Stundenmittelwert
61239,Ebnet Dreisam,Dreisam,Q,25.01.2021 00:00,12.06,m3/s,Stundenmittelwert
61239,Ebnet Dreisam,Dreisam,Q,25.01.2021 01:00,12.043,m3/s,Stundenmittelwert
61239,Ebnet Dreisam,Dreisam,Q,25.01.2021 02:00,11.935,m3/s,Stundenmittelwert
61239,Ebnet Dreisam,Dreisam,Q,25.01.2021 03:00,11.898,m3/s,Stundenmittelwert
61239,Ebnet Dreisam,Dreisam,Q,25.01.2021 04:00,11.74,m3/s,Stundenmittelwert
61239,Ebnet Dreisam,Dreisam,Q,25.01.2021 05:00,11.605,m3/s,Stundenmittelwert
61239,Ebnet Dreisam,Dreisam,Q,25.01.2021 06:00,11.418,m3/s,Stundenmittelwert
61239,Ebnet Dreisam,Dreisam,Q,25.01.2021 07:00,11.403,m3/s,Stundenmittelwert
61239,Ebnet Dreisam,Dreisam,Q,25.01.2021 08:00,11.343,m3/s,Stundenmittelwert
61239,Ebnet Dreisam,Dreisam,Q,25.01.2021 09:00,11.275,m3/s,Stundenmittelwert
61239,Ebnet Dreisam,Dreisam,Q,25.01.2021 10:00,11.2,m3/s,Stundenmittelwert
61239,Ebnet Dreisam,Dreisam,Q,25.01.2021 11:00,11.08,m3/s,Stundenmittelwert
61239,Ebnet Dreisam,Dreisam,Q,25.01.2021 12:00,11.028,m3/s,Stundenmittelwert
61239,Ebnet Dreisam,Dreisam,Q,25.01.2021 13:00,11.028,m3/s,Stundenmittelwert
61239,Ebnet Dreisam,Dreisam,Q,25.01.2021 14:00,10.81,m3/s,Stundenmittelwert
61239,Ebnet Dreisam,Dreisam,Q,25.01.2021 15:00,10.653,m3/s,Stundenmittelwert
61239,Ebnet Dreisam,Dreisam,Q,25.01.2021 16:00,10.66,m3/s,Stundenmittelwert
61239,Ebnet Dreisam,Dreisam,Q,25.01.2021 17:00,10.518,m3/s,Stundenmittelwert
61239,Ebnet Dreisam,Dreisam,Q,25.01.2021 18:00,10.443,m3/s,Stundenmittelwert
61239,Ebnet Dreisam,Dreisam,Q,25.01.2021 19:00,10.465,m3/s,Stundenmittelwert
61239,Ebnet Dreisam,Dreisam,Q,25.01.2021 20:00,10.368,m3/s,Stundenmittelwert
61239,Ebnet Dreisam,Dreisam,Q,25.01.2021 21:00,10.293,m3/s,Stundenmittelwert
61239,Ebnet Dreisam,Dreisam,Q,25.01.2021 22:00,10.188,m3/s,Stundenmittelwert
61239,Ebnet Dreisam,Dreisam,Q,25.01.2021 23:00,10.09,m3/s,Stundenmittelwert
61239,Ebnet Dreisam,Dreisam,Q,26.01.2021 00:00,9.961,m3/s,Stundenmittelwert
61239,Ebnet Dreisam,Dreisam,Q,26.01.2021 01:00,9.868,m3/s,Stundenmittelwert
61239,Ebnet Dreisam,Dreisam,Q,26.01.2021 02:00,9.844,m3/s,Stundenmittelwert
61239,Ebnet Dreisam,Dreisam,Q,26.01.2021 03:00,9.74,m3/s,Stundenmittelwert
61239,Ebnet Dreisam,Dreisam,Q,26.01.2021 04:00,9.652,m3/s,Stundenmittelwert
61239,Ebnet Dreisam,Dreisam,Q,26.01.2021 05:00,9.564,m3/s,Stundenmittelwert
61239,Ebnet Dreisam,Dreisam,Q,26.01.2021 06:00,9.497,m3/s,Stundenmittelwert
61239,Ebnet Dreisam,Dreisam,Q,26.01.2021 07:00,9.373,m3/s,Stundenmittelwert
61239,Ebnet Dreisam,Dreisam,Q,26.01.2021 08:00,9.15,m3/s,Stundenmittelwert
61239,Ebnet Dreisam,Dreisam,Q,26.01.2021 09:00,9.421,m3/s,Stundenmittelwert
61239,Ebnet Dreisam,Dreisam,Q,26.01.2021 10:00,9.321,m3/s,Stundenmittelwert
61239,Ebnet Dreisam,Dreisam,Q,26.01.2021 11:00,9.174,m3/s,Stundenmittelwert
61239,Ebnet Dreisam,Dreisam,Q,26.01.2021 12:00,9.111,m3/s,Stundenmittelwert
61239,Ebnet Dreisam,Dreisam,Q,26.01.2021 13:00,9.099,m3/s,Stundenmittelwert
61239,Ebnet Dreisam,Dreisam,Q,26.01.2021 14:00,9.068,m3/s,Stundenmittelwert
61239,Ebnet Dreisam,Dreisam,Q,26.01.2021 15:00,8.992,m3/s,Stundenmittelwert
61239,Ebnet Dreisam,Dreisam,Q,26.01.2021 16:00,8.928,m3/s,Stundenmittelwert
61239,Ebnet Dreisam,Dreisam,Q,26.01.2021 17:00,8.889,m3/s,Stundenmittelwert
61239,Ebnet Dreisam,Dreisam,Q,26.01.2021 18:00,8.85,m3/s,Stundenmittelwert
61239,Ebnet Dreisam,Dreisam,Q,26.01.2021 19:00,8.759,m3/s,Stundenmittelwert
61239,Ebnet Dreisam,Dreisam,Q,26.01.2021 20:00,8.708,m3/s,Stundenmittelwert
61239,Ebnet Dreisam,Dreisam,Q,26.01.2021 21:00,8.689,m3/s,Stundenmittelwert
61239,Ebnet Dreisam,Dreisam,Q,26.01.2021 22:00,8.67,m3/s,Stundenmittelwert
61239,Ebnet Dreisam,Dreisam,Q,26.01.2021 23:00,8.583,m3/s,Stundenmittelwert
61239,Ebnet Dreisam,Dreisam,Q,27.01.2021 00:00,8.501,m3/s,Stundenmittelwert
61239,Ebnet Dreisam,Dreisam,Q,27.01.2021 01:00,8.408,m3/s,Stundenmittelwert
61239,Ebnet Dreisam,Dreisam,Q,27.01.2021 02:00,8.358,m3/s,Stundenmittelwert
61239,Ebnet Dreisam,Dreisam,Q,27.01.2021 03:00,8.301,m3/s,Stundenmittelwert
61239,Ebnet Dreisam,Dreisam,Q,27.01.2021 04:00,8.226,m3/s,Stundenmittelwert
61239,Ebnet Dreisam,Dreisam,Q,27.01.2021 05:00,8.175,m3/s,Stundenmittelwert
61239,Ebnet Dreisam,Dreisam,Q,27.01.2021 06:00,8.103,m3/s,Stundenmittelwert
61239,Ebnet Dreisam,Dreisam,Q,27.01.2021 07:00,7.986,m3/s,Stundenmittelwert
61239,Ebnet Dreisam,Dreisam,Q,27.01.2021 08:00,7.891,m3/s,Stundenmittelwert
61239,Ebnet Dreisam,Dreisam,Q,27.01.2021 09:00,7.949,m3/s,Stundenmittelwert
61239,Ebnet Dreisam,Dreisam,Q,27.01.2021 10:00,7.967,m3/s,Stundenmittelwert
61239,Ebnet Dreisam,Dreisam,Q,27.01.2021 11:00,7.874,m3/s,Stundenmittelwert
61239,Ebnet Dreisam,Dreisam,Q,27.01.2021 12:00,8.026,m3/s,Stundenmittelwert
61239,Ebnet Dreisam,Dreisam,Q,27.01.2021 13:00,7.923,m3/s,Stundenmittelwert
61239,Ebnet Dreisam,Dreisam,Q,27.01.2021 14:00,7.967,m3/s,Stundenmittelwert
61239,Ebnet Dreisam,Dreisam,Q,27.01.2021 15:00,7.904,m3/s,Stundenmittelwert
61239,Ebnet Dreisam,Dreisam,Q,27.01.2021 16:00,7.873,m3/s,Stundenmittelwert
61239,Ebnet Dreisam,Dreisam,Q,27.01.2021 17:00,7.823,m3/s,Stundenmittelwert
61239,Ebnet Dreisam,Dreisam,Q,27.01.2021 18:00,7.748,m3/s,Stundenmittelwert
61239,Ebnet Dreisam,Dreisam,Q,27.01.2021 19:00,7.754,m3/s,Stundenmittelwert
61239,Ebnet Dreisam,Dreisam,Q,27.01.2021 20:00,7.748,m3/s,Stundenmittelwert
61239,Ebnet Dreisam,Dreisam,Q,27.01.2021 21:00,7.69,m3/s,Stundenmittelwert
61239,Ebnet Dreisam,Dreisam,Q,27.01.2021 22:00,7.671,m3/s,Stundenmittelwert
61239,Ebnet Dreisam,Dreisam,Q,27.01.2021 23:00,7.626,m3/s,Stundenmittelwert
61239,Ebnet Dreisam,Dreisam,Q,28.01.2021 00:00,7.606,m3/s,Stundenmittelwert
61239,Ebnet Dreisam,Dreisam,Q,28.01.2021 01:00,7.587,m3/s,Stundenmittelwert
61239,Ebnet Dreisam,Dreisam,Q,28.01.2021 02:00,7.58,m3/s,Stundenmittelwert
61239,Ebnet Dreisam,Dreisam,Q,28.01.2021 03:00,7.574,m3/s,Stundenmittelwert
61239,Ebnet Dreisam,Dreisam,Q,28.01.2021 04:00,7.829,m3/s,Stundenmittelwert
61239,Ebnet Dreisam,Dreisam,Q,28.01.2021 05:00,8.236,m3/s,Stundenmittelwert
61239,Ebnet Dreisam,Dreisam,Q,28.01.2021 06:00,8.958,m3/s,Stundenmittelwert
61239,Ebnet Dreisam,Dreisam,Q,28.01.2021 07:00,9.673,m3/s,Stundenmittelwert
61239,Ebnet Dreisam,Dreisam,Q,28.01.2021 08:00,10.855,m3/s,Stundenmittelwert
61239,Ebnet Dreisam,Dreisam,Q,28.01.2021 09:00,14.94,m3/s,Stundenmittelwert
61239,Ebnet Dreisam,Dreisam,Q,28.01.2021 10:00,18.923,m3/s,Stundenmittelwert
61239,Ebnet Dreisam,Dreisam,Q,28.01.2021 11:00,21.56,m3/s,Stundenmittelwert
61239,Ebnet Dreisam,Dreisam,Q,28.01.2021 12:00,25.265,m3/s,Stundenmittelwert
61239,Ebnet Dreisam,Dreisam,Q,28.01.2021 13:00,29.585,m3/s,Stundenmittelwert
61239,Ebnet Dreisam,Dreisam,Q,28.01.2021 14:00,31.898,m3/s,Stundenmittelwert
61239,Ebnet Dreisam,Dreisam,Q,28.01.2021 15:00,32.028,m3/s,Stundenmittelwert
61239,Ebnet Dreisam,Dreisam,Q,28.01.2021 16:00,31.625,m3/s,Stundenmittelwert
61239,Ebnet Dreisam,Dreisam,Q,28.01.2021 17:00,30.988,m3/s,Stundenmittelwert
61239,Ebnet Dreisam,Dreisam,Q,28.01.2021 18:00,29.37,m3/s,Stundenmittelwert
61239,Ebnet Dreisam,Dreisam,Q,28.01.2021 19:00,32.533,m3/s,Stundenmittelwert
61239,Ebnet Dreisam,Dreisam,Q,28.01.2021 20:00,34.765,m3/s,Stundenmittelwert
61239,Ebnet Dreisam,Dreisam,Q,28.01.2021 21:00,39.083,m3/s,Stundenmittelwert
61239,Ebnet Dreisam,Dreisam,Q,28.01.2021 22:00,39.46,m3/s,Stundenmittelwert
61239,Ebnet Dreisam,Dreisam,Q,28.01.2021 23:00,41.9,m3/s,Stundenmittelwert
61239,Ebnet Dreisam,Dreisam,Q,29.01.2021 00:00,44.293,m3/s,Stundenmittelwert
61239,Ebnet Dreisam,Dreisam,Q,29.01.2021 01:00,45.863,m3/s,Stundenmittelwert
61239,Ebnet Dreisam,Dreisam,Q,29.01.2021 02:00,46.155,m3/s,Stundenmittelwert
61239,Ebnet Dreisam,Dreisam,Q,29.01.2021 03:00,45.995,m3/s,Stundenmittelwert
61239,Ebnet Dreisam,Dreisam,Q,29.01.2021 04:00,49.308,m3/s,Stundenmittelwert
61239,Ebnet Dreisam,Dreisam,Q,29.01.2021 05:00,53.438,m3/s,Stundenmittelwert
61239,Ebnet Dreisam,Dreisam,Q,29.01.2021 06:00,54.275,m3/s,Stundenmittelwert
61239,Ebnet Dreisam,Dreisam,Q,29.01.2021 07:00,55.228,m3/s,Stundenmittelwert
61239,Ebnet Dreisam,Dreisam,Q,29.01.2021 08:00,58.453,m3/s,Stundenmittelwert
61239,Ebnet Dreisam,Dreisam,Q,29.01.2021 09:00,60.8,m3/s,Stundenmittelwert
61239,Ebnet Dreisam,Dreisam,Q,29.01.2021 10:00,59.95,m3/s,Stundenmittelwert
61239,Ebnet Dreisam,Dreisam,Q,29.01.2021 11:00,59.7,m3/s,Stundenmittelwert
61239,Ebnet Dreisam,Dreisam,Q,29.01.2021 12:00,57.633,m3/s,Stundenmittelwert
61239,Ebnet Dreisam,Dreisam,Q,29.01.2021 13:00,61.875,m3/s,Stundenmittelwert
61239,Ebnet Dreisam,Dreisam,Q,29.01.2021 14:00,64.355,m3/s,Stundenmittelwert
61239,Ebnet Dreisam,Dreisam,Q,29.01.2021 15:00,65.145,m3/s,Stundenmittelwert
61239,Ebnet Dreisam,Dreisam,Q,29.01.2021 16:00,66.8,m3/s,Stundenmittelwert
61239,Ebnet Dreisam,Dreisam,Q,29.01.2021 17:00,69.46,m3/s,Stundenmittelwert
61239,Ebnet Dreisam,Dreisam,Q,29.01.2021 18:00,68.4,m3/s,Stundenmittelwert
61239,Ebnet Dreisam,Dreisam,Q,29.01.2021 19:00,68.068,m3/s,Stundenmittelwert
61239,Ebnet Dreisam,Dreisam,Q,29.01.2021 20:00,66.8,m3/s,Stundenmittelwert
61239,Ebnet Dreisam,Dreisam,Q,29.01.2021 21:00,68.16,m3/s,Stundenmittelwert
61239,Ebnet Dreisam,Dreisam,Q,29.01.2021 22:00,63.57,m3/s,Stundenmittelwert
61239,Ebnet Dreisam,Dreisam,Q,29.01.2021 23:00,58.675,m3/s,Stundenmittelwert
61239,Ebnet Dreisam,Dreisam,Q,30.01.2021 00:00,55.26,m3/s,Stundenmittelwert
61239,Ebnet Dreisam,Dreisam,Q,30.01.2021 01:00,53.015,m3/s,Stundenmittelwert
61239,Ebnet Dreisam,Dreisam,Q,30.01.2021 02:00,51.028,m3/s,Stundenmittelwert
61239,Ebnet Dreisam,Dreisam,Q,30.01.2021 03:00,51.135,m3/s,Stundenmittelwert
61239,Ebnet Dreisam,Dreisam,Q,30.01.2021 04:00,50.428,m3/s,Stundenmittelwert
61239,Ebnet Dreisam,Dreisam,Q,30.01.2021 05:00,50.93,m3/s,Stundenmittelwert
61239,Ebnet Dreisam,Dreisam,Q,30.01.2021 06:00,49.085,m3/s,Stundenmittelwert
61239,Ebnet Dreisam,Dreisam,Q,30.01.2021 07:00,48.49,m3/s,Stundenmittelwert
61239,Ebnet Dreisam,Dreisam,Q,30.01.2021 08:00,49.363,m3/s,Stundenmittelwert
61239,Ebnet Dreisam,Dreisam,Q,30.01.2021 09:00,48.67,m3/s,Stundenmittelwert
61239,Ebnet Dreisam,Dreisam,Q,30.01.2021 10:00,48.015,m3/s,Stundenmittelwert
61239,Ebnet Dreisam,Dreisam,Q,30.01.2021 11:00,46.888,m3/s,Stundenmittelwert
61239,Ebnet Dreisam,Dreisam,Q,30.01.2021 12:00,45.96,m3/s,Stundenmittelwert
61239,Ebnet Dreisam,Dreisam,Q,30.01.2021 13:00,45.775,m3/s,Stundenmittelwert
61239,Ebnet Dreisam,Dreisam,Q,30.01.2021 14:00,45.87,m3/s,Stundenmittelwert
61239,Ebnet Dreisam,Dreisam,Q,30.01.2021 15:00,48.753,m3/s,Stundenmittelwert
61239,Ebnet Dreisam,Dreisam,Q,30.01.2021 16:00,51.213,m3/s,Stundenmittelwert
61239,Ebnet Dreisam,Dreisam,Q,30.01.2021 17:00,54.208,m3/s,Stundenmittelwert
61239,Ebnet Dreisam,Dreisam,Q,30.01.2021 18:00,56.358,m3/s,Stundenmittelwert
61239,Ebnet Dreisam,Dreisam,Q,30.01.2021 19:00,56.875,m3/s,Stundenmittelwert
61239,Ebnet Dreisam,Dreisam,Q,30.01.2021 20:00,55.258,m3/s,Stundenmittelwert
61239,Ebnet Dreisam,Dreisam,Q,30.01.2021 21:00,54.723,m3/s,Stundenmittelwert
61239,Ebnet Dreisam,Dreisam,Q,30.01.2021 22:00,53.94,m3/s,Stundenmittelwert
61239,Ebnet Dreisam,Dreisam,Q,30.01.2021 23:00,53.648,m3/s,Stundenmittelwert
61239,Ebnet Dreisam,Dreisam,Q,31.01.2021 00:00,51.278,m3/s,Stundenmittelwert
61239,Ebnet Dreisam,Dreisam,Q,31.01.2021 01:00,49.375,m3/s,Stundenmittelwert
61239,Ebnet Dreisam,Dreisam,Q,31.01.2021 02:00,47.76,m3/s,Stundenmittelwert
61239,Ebnet Dreisam,Dreisam,Q,31.01.2021 03:00,47.028,m3/s,Stundenmittelwert
61239,Ebnet Dreisam,Dreisam,Q,31.01.2021 04:00,46.89,m3/s,Stundenmittelwert
61239,Ebnet Dreisam,Dreisam,Q,31.01.2021 05:00,45.78,m3/s,Stundenmittelwert
61239,Ebnet Dreisam,Dreisam,Q,31.01.2021 06:00,44.508,m3/s,Stundenmittelwert
61239,Ebnet Dreisam,Dreisam,Q,31.01.2021 07:00,43.495,m3/s,Stundenmittelwert
61239,Ebnet Dreisam,Dreisam,Q,31.01.2021 08:00,42.96,m3/s,Stundenmittelwert
61239,Ebnet Dreisam,Dreisam,Q,31.01.2021 09:00,42.673,m3/s,Stundenmittelwert
61239,Ebnet Dreisam,Dreisam,Q,31.01.2021 10:00,41.228,m3/s,Stundenmittelwert
61239,Ebnet Dreisam,Dreisam,Q,31.01.2021 11:00,41.38,m3/s,Stundenmittelwert
61239,Ebnet Dreisam,Dreisam,Q,31.01.2021 12:00,41.118,m3/s,Stundenmittelwert
61239,Ebnet Dreisam,Dreisam,Q,31.01.2021 13:00,40.1,m3/s,Stundenmittelwert
61239,Ebnet Dreisam,Dreisam,Q,31.01.2021 14:00,39.84,m3/s,Stundenmittelwert
61239,Ebnet Dreisam,Dreisam,Q,31.01.2021 15:00,39.62,m3/s,Stundenmittelwert
61239,Ebnet Dreisam,Dreisam,Q,31.01.2021 16:00,38.813,m3/s,Stundenmittelwert
61239,Ebnet Dreisam,Dreisam,Q,31.01.2021 17:00,38.795,m3/s,Stundenmittelwert
61239,Ebnet Dreisam,Dreisam,Q,31.01.2021 18:00,38.61,m3/s,Stundenmittelwert
61239,Ebnet Dreisam,Dreisam,Q,31.01.2021 19:00,37.72,m3/s,Stundenmittelwert
61239,Ebnet Dreisam,Dreisam,Q,31.01.2021 20:00,36.985,m3/s,Stundenmittelwert
61239,Ebnet Dreisam,Dreisam,Q,31.01.2021 21:00,36.288,m3/s,Stundenmittelwert
61239,Ebnet Dreisam,Dreisam,Q,31.01.2021 22:00,35.4,m3/s,Stundenmittelwert
61239,Ebnet Dreisam,Dreisam,Q,31.01.2021 23:00,34.455,m3/s,Stundenmittelwert
61239,Ebnet Dreisam,Dreisam,Q,01.02.2021 00:00,33.585,m3/s,Stundenmittelwert
61239,Ebnet Dreisam,Dreisam,Q,01.02.2021 01:00,33.24,m3/s,Stundenmittelwert
61239,Ebnet Dreisam,Dreisam,Q,01.02.2021 02:00,33,m3/s,Stundenmittelwert
61239,Ebnet Dreisam,Dreisam,Q,01.02.2021 03:00,33.175,m3/s,Stundenmittelwert
61239,Ebnet Dreisam,Dreisam,Q,01.02.2021 04:00,33.015,m3/s,Stundenmittelwert
61239,Ebnet Dreisam,Dreisam,Q,01.02.2021 05:00,32.86,m3/s,Stundenmittelwert
61239,Ebnet Dreisam,Dreisam,Q,01.02.2021 06:00,32.57,m3/s,Stundenmittelwert
61239,Ebnet Dreisam,Dreisam,Q,01.02.2021 07:00,32.523,m3/s,Stundenmittelwert
61239,Ebnet Dreisam,Dreisam,Q,01.02.2021 08:00,32.89,m3/s,Stundenmittelwert
61239,Ebnet Dreisam,Dreisam,Q,01.02.2021 09:00,34.083,m3/s,Stundenmittelwert
61239,Ebnet Dreisam,Dreisam,Q,01.02.2021 10:00,34.483,m3/s,Stundenmittelwert
61239,Ebnet Dreisam,Dreisam,Q,01.02.2021 11:00,36.68,m3/s,Stundenmittelwert
61239,Ebnet Dreisam,Dreisam,Q,01.02.2021 12:00,38.683,m3/s,Stundenmittelwert
61239,Ebnet Dreisam,Dreisam,Q,01.02.2021 13:00,40.12,m3/s,Stundenmittelwert
61239,Ebnet Dreisam,Dreisam,Q,01.02.2021 14:00,40.915,m3/s,Stundenmittelwert
61239,Ebnet Dreisam,Dreisam,Q,01.02.2021 15:00,41.49,m3/s,Stundenmittelwert
61239,Ebnet Dreisam,Dreisam,Q,01.02.2021 16:00,41.438,m3/s,Stundenmittelwert
61239,Ebnet Dreisam,Dreisam,Q,01.02.2021 17:00,41.16,m3/s,Stundenmittelwert
61239,Ebnet Dreisam,Dreisam,Q,01.02.2021 18:00,40.565,m3/s,Stundenmittelwert
61239,Ebnet Dreisam,Dreisam,Q,01.02.2021 19:00,40.678,m3/s,Stundenmittelwert
61239,Ebnet Dreisam,Dreisam,Q,01.02.2021 20:00,41.158,m3/s,Stundenmittelwert
61239,Ebnet Dreisam,Dreisam,Q,01.02.2021 21:00,41.005,m3/s,Stundenmittelwert
61239,Ebnet Dreisam,Dreisam,Q,01.02.2021 22:00,39.033,m3/s,Stundenmittelwert
61239,Ebnet Dreisam,Dreisam,Q,01.02.2021 23:00,38.638,m3/s,Stundenmittelwert
61239,Ebnet Dreisam,Dreisam,Q,02.02.2021 00:00,37.905,m3/s,Stundenmittelwert
61239,Ebnet Dreisam,Dreisam,Q,02.02.2021 01:00,38.833,m3/s,Stundenmittelwert
61239,Ebnet Dreisam,Dreisam,Q,02.02.2021 02:00,37.498,m3/s,Stundenmittelwert
61239,Ebnet Dreisam,Dreisam,Q,02.02.2021 03:00,37.833,m3/s,Stundenmittelwert
61239,Ebnet Dreisam,Dreisam,Q,02.02.2021 04:00,37.633,m3/s,Stundenmittelwert
61239,Ebnet Dreisam,Dreisam,Q,02.02.2021 05:00,36.958,m3/s,Stundenmittelwert
61239,Ebnet Dreisam,Dreisam,Q,02.02.2021 06:00,36.22,m3/s,Stundenmittelwert
61239,Ebnet Dreisam,Dreisam,Q,02.02.2021 07:00,35.66,m3/s,Stundenmittelwert
61239,Ebnet Dreisam,Dreisam,Q,02.02.2021 08:00,36.325,m3/s,Stundenmittelwert
61239,Ebnet Dreisam,Dreisam,Q,02.02.2021 09:00,35.88,m3/s,Stundenmittelwert
61239,Ebnet Dreisam,Dreisam,Q,02.02.2021 10:00,35.74,m3/s,Stundenmittelwert
61239,Ebnet Dreisam,Dreisam,Q,02.02.2021 11:00,35.62,m3/s,Stundenmittelwert
61239,Ebnet Dreisam,Dreisam,Q,02.02.2021 12:00,36.4,m3/s,Stundenmittelwert
61239,Ebnet Dreisam,Dreisam,Q,02.02.2021 13:00,36.673,m3/s,Stundenmittelwert
61239,Ebnet Dreisam,Dreisam,Q,02.02.2021 14:00,37.473,m3/s,Stundenmittelwert
61239,Ebnet Dreisam,Dreisam,Q,02.02.2021 15:00,38.328,m3/s,Stundenmittelwert
61239,Ebnet Dreisam,Dreisam,Q,02.02.2021 16:00,38.173,m3/s,Stundenmittelwert
61239,Ebnet Dreisam,Dreisam,Q,02.02.2021 17:00,37.693,m3/s,Stundenmittelwert
61239,Ebnet Dreisam,Dreisam,Q,02.02.2021 18:00,39.54,m3/s,Stundenmittelwert
61239,Ebnet Dreisam,Dreisam,Q,02.02.2021 19:00,39.96,m3/s,Stundenmittelwert
61239,Ebnet Dreisam,Dreisam,Q,02.02.2021 20:00,40.2,m3/s,Stundenmittelwert
61239,Ebnet Dreisam,Dreisam,Q,02.02.2021 21:00,38.655,m3/s,Stundenmittelwert
61239,Ebnet Dreisam,Dreisam,Q,02.02.2021 22:00,37.07,m3/s,Stundenmittelwert
61239,Ebnet Dreisam,Dreisam,Q,02.02.2021 23:00,40.293,m3/s,Stundenmittelwert
61239,Ebnet Dreisam,Dreisam,Q,03.02.2021 00:00,38.863,m3/s,Stundenmittelwert
61239,Ebnet Dreisam,Dreisam,Q,03.02.2021 01:00,40.693,m3/s,Stundenmittelwert
61239,Ebnet Dreisam,Dreisam,Q,03.02.2021 02:00,46.033,m3/s,Stundenmittelwert
61239,Ebnet Dreisam,Dreisam,Q,03.02.2021 03:00,50.27,m3/s,Stundenmittelwert
61239,Ebnet Dreisam,Dreisam,Q,03.02.2021 04:00,49.183,m3/s,Stundenmittelwert
61239,Ebnet Dreisam,Dreisam,Q,03.02.2021 05:00,51.868,m3/s,Stundenmittelwert
61239,Ebnet Dreisam,Dreisam,Q,03.02.2021 06:00,49.97,m3/s,Stundenmittelwert
61239,Ebnet Dreisam,Dreisam,Q,03.02.2021 07:00,51.28,m3/s,Stundenmittelwert
61239,Ebnet Dreisam,Dreisam,Q,03.02.2021 08:00,50.83,m3/s,Stundenmittelwert
61239,Ebnet Dreisam,Dreisam,Q,03.02.2021 09:00,52.675,m3/s,Stundenmittelwert
61239,Ebnet Dreisam,Dreisam,Q,03.02.2021 10:00,51.555,m3/s,Stundenmittelwert
61239,Ebnet Dreisam,Dreisam,Q,03.02.2021 11:00,51.148,m3/s,Stundenmittelwert
61239,Ebnet Dreisam,Dreisam,Q,03.02.2021 12:00,53.338,m3/s,Stundenmittelwert
61239,Ebnet Dreisam,Dreisam,Q,03.02.2021 13:00,58.45,m3/s,Stundenmittelwert
61239,Ebnet Dreisam,Dreisam,Q,03.02.2021 14:00,62.275,m3/s,Stundenmittelwert
61239,Ebnet Dreisam,Dreisam,Q,03.02.2021 15:00,66.775,m3/s,Stundenmittelwert
61239,Ebnet Dreisam,Dreisam,Q,03.02.2021 16:00,66.38,m3/s,Stundenmittelwert
61239,Ebnet Dreisam,Dreisam,Q,03.02.2021 17:00,65.565,m3/s,Stundenmittelwert
61239,Ebnet Dreisam,Dreisam,Q,03.02.2021 18:00,63.425,m3/s,Stundenmittelwert
61239,Ebnet Dreisam,Dreisam,Q,03.02.2021 19:00,57.095,m3/s,Stundenmittelwert
61239,Ebnet Dreisam,Dreisam,Q,03.02.2021 20:00,52.643,m3/s,Stundenmittelwert
61239,Ebnet Dreisam,Dreisam,Q,03.02.2021 21:00,50.635,m3/s,Stundenmittelwert
61239,Ebnet Dreisam,Dreisam,Q,03.02.2021 22:00,50.313,m3/s,Stundenmittelwert
61239,Ebnet Dreisam,Dreisam,Q,03.02.2021 23:00,50.828,m3/s,Stundenmittelwert
61239,Ebnet Dreisam,Dreisam,Q,04.02.2021 00:00,51.28,m3/s,Stundenmittelwert
61239,Ebnet Dreisam,Dreisam,Q,04.02.2021 01:00,50.65,m3/s,Stundenmittelwert
61239,Ebnet Dreisam,Dreisam,Q,04.02.2021 02:00,50.133,m3/s,Stundenmittelwert
61239,Ebnet Dreisam,Dreisam,Q,04.02.2021 03:00,46.58,m3/s,Stundenmittelwert
61239,Ebnet Dreisam,Dreisam,Q,04.02.2021 04:00,42.23,m3/s,Stundenmittelwert
61239,Ebnet Dreisam,Dreisam,Q,04.02.2021 05:00,41.285,m3/s,Stundenmittelwert
61239,Ebnet Dreisam,Dreisam,Q,04.02.2021 06:00,43.5,m3/s,Stundenmittelwert
61239,Ebnet Dreisam,Dreisam,Q,04.02.2021 07:00,42.753,m3/s,Stundenmittelwert
61239,Ebnet Dreisam,Dreisam,Q,04.02.2021 08:00,41.968,m3/s,Stundenmittelwert
61239,Ebnet Dreisam,Dreisam,Q,04.02.2021 09:00,42.743,m3/s,Stundenmittelwert
61239,Ebnet Dreisam,Dreisam,Q,04.02.2021 10:00,42.47,m3/s,Stundenmittelwert
61239,Ebnet Dreisam,Dreisam,Q,04.02.2021 11:00,41.14,m3/s,Stundenmittelwert
61239,Ebnet Dreisam,Dreisam,Q,04.02.2021 12:00,40.428,m3/s,Stundenmittelwert
61239,Ebnet Dreisam,Dreisam,Q,04.02.2021 13:00,40.04,m3/s,Stundenmittelwert
61239,Ebnet Dreisam,Dreisam,Q,04.02.2021 14:00,39.893,m3/s,Stundenmittelwert
61239,Ebnet Dreisam,Dreisam,Q,04.02.2021 15:00,37.855,m3/s,Stundenmittelwert
61239,Ebnet Dreisam,Dreisam,Q,04.02.2021 16:00,38.553,m3/s,Stundenmittelwert
61239,Ebnet Dreisam,Dreisam,Q,04.02.2021 17:00,39.158,m3/s,Stundenmittelwert
61239,Ebnet Dreisam,Dreisam,Q,04.02.2021 18:00,38.438,m3/s,Stundenmittelwert
61239,Ebnet Dreisam,Dreisam,Q,04.02.2021 19:00,37.138,m3/s,Stundenmittelwert
61239,Ebnet Dreisam,Dreisam,Q,04.02.2021 20:00,35.8,m3/s,Stundenmittelwert
61239,Ebnet Dreisam,Dreisam,Q,04.02.2021 21:00,35.56,m3/s,Stundenmittelwert
61239,Ebnet Dreisam,Dreisam,Q,04.02.2021 22:00,34.958,m3/s,Stundenmittelwert
61239,Ebnet Dreisam,Dreisam,Q,04.02.2021 23:00,34.33,m3/s,Stundenmittelwert
61239,Ebnet Dreisam,Dreisam,Q,05.02.2021 00:00,33.3,m3/s,Stundenmittelwert
61239,Ebnet Dreisam,Dreisam,Q,05.02.2021 01:00,32.413,m3/s,Stundenmittelwert
61239,Ebnet Dreisam,Dreisam,Q,05.02.2021 02:00,31.448,m3/s,Stundenmittelwert
61239,Ebnet Dreisam,Dreisam,Q,05.02.2021 03:00,31.148,m3/s,Stundenmittelwert
61239,Ebnet Dreisam,Dreisam,Q,05.02.2021 04:00,30.665,m3/s,Stundenmittelwert
61239,Ebnet Dreisam,Dreisam,Q,05.02.2021 05:00,30.28,m3/s,Stundenmittelwert
61239,Ebnet Dreisam,Dreisam,Q,05.02.2021 06:00,29.795,m3/s,Stundenmittelwert
61239,Ebnet Dreisam,Dreisam,Q,05.02.2021 07:00,29.795,m3/s,Stundenmittelwert
61239,Ebnet Dreisam,Dreisam,Q,05.02.2021 08:00,29.63,m3/s,Stundenmittelwert
61239,Ebnet Dreisam,Dreisam,Q,05.02.2021 09:00,28.835,m3/s,Stundenmittelwert
61239,Ebnet Dreisam,Dreisam,Q,05.02.2021 10:00,28.91,m3/s,Stundenmittelwert
61239,Ebnet Dreisam,Dreisam,Q,05.02.2021 11:00,28.64,m3/s,Stundenmittelwert
61239,Ebnet Dreisam,Dreisam,Q,05.02.2021 12:00,28.4,m3/s,Stundenmittelwert
61239,Ebnet Dreisam,Dreisam,Q,05.02.2021 13:00,28.055,m3/s,Stundenmittelwert
61239,Ebnet Dreisam,Dreisam,Q,05.02.2021 14:00,28.055,m3/s,Stundenmittelwert
61239,Ebnet Dreisam,Dreisam,Q,05.02.2021 15:00,27.755,m3/s,Stundenmittelwert
61239,Ebnet Dreisam,Dreisam,Q,05.02.2021 16:00,27.365,m3/s,Stundenmittelwert
61239,Ebnet Dreisam,Dreisam,Q,05.02.2021 17:00,27.32,m3/s,Stundenmittelwert
61239,Ebnet Dreisam,Dreisam,Q,05.02.2021 18:00,27.185,m3/s,Stundenmittelwert
61239,Ebnet Dreisam,Dreisam,Q,05.02.2021 19:00,27.635,m3/s,Stundenmittelwert
61239,Ebnet Dreisam,Dreisam,Q,05.02.2021 20:00,27.14,m3/s,Stundenmittelwert
61239,Ebnet Dreisam,Dreisam,Q,05.02.2021 21:00,26.66,m3/s,Stundenmittelwert
61239,Ebnet Dreisam,Dreisam,Q,05.02.2021 22:00,26.27,m3/s,Stundenmittelwert
61239,Ebnet Dreisam,Dreisam,Q,05.02.2021 23:00,26.015,m3/s,Stundenmittelwert
61239,Ebnet Dreisam,Dreisam,Q,06.02.2021 00:00,25.88,m3/s,Stundenmittelwert
61239,Ebnet Dreisam,Dreisam,Q,06.02.2021 01:00,25.445,m3/s,Stundenmittelwert
61239,Ebnet Dreisam,Dreisam,Q,06.02.2021 02:00,25.22,m3/s,Stundenmittelwert
61239,Ebnet Dreisam,Dreisam,Q,06.02.2021 03:00,24.95,m3/s,Stundenmittelwert
61239,Ebnet Dreisam,Dreisam,Q,06.02.2021 04:00,24.44,m3/s,Stundenmittelwert
61239,Ebnet Dreisam,Dreisam,Q,06.02.2021 05:00,24.23,m3/s,Stundenmittelwert
61239,Ebnet Dreisam,Dreisam,Q,06.02.2021 06:00,23.99,m3/s,Stundenmittelwert
61239,Ebnet Dreisam,Dreisam,Q,06.02.2021 07:00,23.72,m3/s,Stundenmittelwert
61239,Ebnet Dreisam,Dreisam,Q,06.02.2021 08:00,23.54,m3/s,Stundenmittelwert
61239,Ebnet Dreisam,Dreisam,Q,06.02.2021 09:00,23.36,m3/s,Stundenmittelwert
61239,Ebnet Dreisam,Dreisam,Q,06.02.2021 10:00,22.88,m3/s,Stundenmittelwert
61239,Ebnet Dreisam,Dreisam,Q,06.02.2021 11:00,22.655,m3/s,Stundenmittelwert
61239,Ebnet Dreisam,Dreisam,Q,06.02.2021 12:00,21.995,m3/s,Stundenmittelwert
61239,Ebnet Dreisam,Dreisam,Q,06.02.2021 13:00,21.95,m3/s,Stundenmittelwert
61239,Ebnet Dreisam,Dreisam,Q,06.02.2021 14:00,21.995,m3/s,Stundenmittelwert
61239,Ebnet Dreisam,Dreisam,Q,06.02.2021 15:00,22.07,m3/s,Stundenmittelwert
61239,Ebnet Dreisam,Dreisam,Q,06.02.2021 16:00,21.755,m3/s,Stundenmittelwert
61239,Ebnet Dreisam,Dreisam,Q,06.02.2021 17:00,21.56,m3/s,Stundenmittelwert
61239,Ebnet Dreisam,Dreisam,Q,06.02.2021 18:00,21.44,m3/s,Stundenmittelwert
61239,Ebnet Dreisam,Dreisam,Q,06.02.2021 19:00,21.32,m3/s,Stundenmittelwert
61239,Ebnet Dreisam,Dreisam,Q,06.02.2021 20:00,21.455,m3/s,Stundenmittelwert
61239,Ebnet Dreisam,Dreisam,Q,06.02.2021 21:00,21.38,m3/s,Stundenmittelwert
61239,Ebnet Dreisam,Dreisam,Q,06.02.2021 22:00,21.095,m3/s,Stundenmittelwert
61239,Ebnet Dreisam,Dreisam,Q,06.02.2021 23:00,20.99,m3/s,Stundenmittelwert
61239,Ebnet Dreisam,Dreisam,Q,07.02.2021 00:00,20.915,m3/s,Stundenmittelwert
61239,Ebnet Dreisam,Dreisam,Q,07.02.2021 01:00,20.705,m3/s,Stundenmittelwert
61239,Ebnet Dreisam,Dreisam,Q,07.02.2021 02:00,20.705,m3/s,Stundenmittelwert
61239,Ebnet Dreisam,Dreisam,Q,07.02.2021 03:00,20.465,m3/s,Stundenmittelwert
61239,Ebnet Dreisam,Dreisam,Q,07.02.2021 04:00,20.405,m3/s,Stundenmittelwert
61239,Ebnet Dreisam,Dreisam,Q,07.02.2021 05:00,20.135,m3/s,Stundenmittelwert
61239,Ebnet Dreisam,Dreisam,Q,07.02.2021 06:00,19.925,m3/s,Stundenmittelwert
61239,Ebnet Dreisam,Dreisam,Q,07.02.2021 07:00,19.63,m3/s,Stundenmittelwert
61239,Ebnet Dreisam,Dreisam,Q,07.02.2021 08:00,19.685,m3/s,Stundenmittelwert
61239,Ebnet Dreisam,Dreisam,Q,07.02.2021 09:00,19.3,m3/s,Stundenmittelwert
61239,Ebnet Dreisam,Dreisam,Q,07.02.2021 10:00,19.088,m3/s,Stundenmittelwert
61239,Ebnet Dreisam,Dreisam,Q,07.02.2021 11:00,19.025,m3/s,Stundenmittelwert
61239,Ebnet Dreisam,Dreisam,Q,07.02.2021 12:00,18.813,m3/s,Stundenmittelwert
61239,Ebnet Dreisam,Dreisam,Q,07.02.2021 13:00,18.988,m3/s,Stundenmittelwert
61239,Ebnet Dreisam,Dreisam,Q,07.02.2021 14:00,18.875,m3/s,Stundenmittelwert
61239,Ebnet Dreisam,Dreisam,Q,07.02.2021 15:00,18.863,m3/s,Stundenmittelwert
61239,Ebnet Dreisam,Dreisam,Q,07.02.2021 16:00,18.938,m3/s,Stundenmittelwert
61239,Ebnet Dreisam,Dreisam,Q,07.02.2021 17:00,19,m3/s,Stundenmittelwert
61239,Ebnet Dreisam,Dreisam,Q,07.02.2021 18:00,19.025,m3/s,Stundenmittelwert
61239,Ebnet Dreisam,Dreisam,Q,07.02.2021 19:00,18.778,m3/s,Stundenmittelwert
61239,Ebnet Dreisam,Dreisam,Q,07.02.2021 20:00,18.813,m3/s,Stundenmittelwert
61239,Ebnet Dreisam,Dreisam,Q,07.02.2021 21:00,18.633,m3/s,Stundenmittelwert
61239,Ebnet Dreisam,Dreisam,Q,07.02.2021 22:00,18.4,m3/s,Stundenmittelwert
61239,Ebnet Dreisam,Dreisam,Q,07.02.2021 23:00,18.38,m3/s,Stundenmittelwert
61239,Ebnet Dreisam,Dreisam,Q,08.02.2021 00:00,18.24,m3/s,Stundenmittelwert
61239,Ebnet Dreisam,Dreisam,Q,08.02.2021 01:00,18.1,m3/s,Stundenmittelwert
61239,Ebnet Dreisam,Dreisam,Q,08.02.2021 02:00,18.07,m3/s,Stundenmittelwert
61239,Ebnet Dreisam,Dreisam,Q,08.02.2021 03:00,17.903,m3/s,Stundenmittelwert
61239,Ebnet Dreisam,Dreisam,Q,08.02.2021 04:00,17.813,m3/s,Stundenmittelwert
61239,Ebnet Dreisam,Dreisam,Q,08.02.2021 05:00,17.82,m3/s,Stundenmittelwert
61239,Ebnet Dreisam,Dreisam,Q,08.02.2021 06:00,17.74,m3/s,Stundenmittelwert
61239,Ebnet Dreisam,Dreisam,Q,08.02.2021 07:00,17.675,m3/s,Stundenmittelwert
61239,Ebnet Dreisam,Dreisam,Q,08.02.2021 08:00,17.613,m3/s,Stundenmittelwert
61239,Ebnet Dreisam,Dreisam,Q,08.02.2021 09:00,17.525,m3/s,Stundenmittelwert
61239,Ebnet Dreisam,Dreisam,Q,08.02.2021 10:00,17.513,m3/s,Stundenmittelwert
61239,Ebnet Dreisam,Dreisam,Q,08.02.2021 11:00,17.383,m3/s,Stundenmittelwert
61239,Ebnet Dreisam,Dreisam,Q,08.02.2021 12:00,17.39,m3/s,Stundenmittelwert
61239,Ebnet Dreisam,Dreisam,Q,08.02.2021 13:00,17.323,m3/s,Stundenmittelwert
61239,Ebnet Dreisam,Dreisam,Q,08.02.2021 14:00,17.3,m3/s,Stundenmittelwert
61239,Ebnet Dreisam,Dreisam,Q,08.02.2021 15:00,17.2,m3/s,Stundenmittelwert
61239,Ebnet Dreisam,Dreisam,Q,08.02.2021 16:00,17.03,m3/s,Stundenmittelwert
61239,Ebnet Dreisam,Dreisam,Q,08.02.2021 17:00,16.88,m3/s,Stundenmittelwert
61239,Ebnet Dreisam,Dreisam,Q,08.02.2021 18:00,16.698,m3/s,Stundenmittelwert
61239,Ebnet Dreisam,Dreisam,Q,08.02.2021 19:00,16.37,m3/s,Stundenmittelwert
61239,Ebnet Dreisam,Dreisam,Q,08.02.2021 20:00,16.14,m3/s,Stundenmittelwert
61239,Ebnet Dreisam,Dreisam,Q,08.02.2021 21:00,16.098,m3/s,Stundenmittelwert
61239,Ebnet Dreisam,Dreisam,Q,08.02.2021 22:00,15.84,m3/s,Stundenmittelwert
61239,Ebnet Dreisam,Dreisam,Q,08.02.2021 23:00,15.75,m3/s,Stundenmittelwert
61239,Ebnet Dreisam,Dreisam,Q,09.02.2021 00:00,15.45,m3/s,Stundenmittelwert
61239,Ebnet Dreisam,Dreisam,Q,09.02.2021 01:00,15.17,m3/s,Stundenmittelwert
61239,Ebnet Dreisam,Dreisam,Q,09.02.2021 02:00,15.02,m3/s,Stundenmittelwert
61239,Ebnet Dreisam,Dreisam,Q,09.02.2021 03:00,14.863,m3/s,Stundenmittelwert
61239,Ebnet Dreisam,Dreisam,Q,09.02.2021 04:00,14.688,m3/s,Stundenmittelwert
61239,Ebnet Dreisam,Dreisam,Q,09.02.2021 05:00,14.483,m3/s,Stundenmittelwert
61239,Ebnet Dreisam,Dreisam,Q,09.02.2021 06:00,14.398,m3/s,Stundenmittelwert
61239,Ebnet Dreisam,Dreisam,Q,09.02.2021 07:00,14.36,m3/s,Stundenmittelwert
61239,Ebnet Dreisam,Dreisam,Q,09.02.2021 08:00,14.21,m3/s,Stundenmittelwert
61239,Ebnet Dreisam,Dreisam,Q,09.02.2021 09:00,13.9,m3/s,Stundenmittelwert
61239,Ebnet Dreisam,Dreisam,Q,09.02.2021 10:00,13.7,m3/s,Stundenmittelwert
61239,Ebnet Dreisam,Dreisam,Q,09.02.2021 11:00,13.47,m3/s,Stundenmittelwert
61239,Ebnet Dreisam,Dreisam,Q,09.02.2021 12:00,13.243,m3/s,Stundenmittelwert
61239,Ebnet Dreisam,Dreisam,Q,09.02.2021 13:00,13.043,m3/s,Stundenmittelwert
61239,Ebnet Dreisam,Dreisam,Q,09.02.2021 14:00,12.775,m3/s,Stundenmittelwert
61239,Ebnet Dreisam,Dreisam,Q,09.02.2021 15:00,12.69,m3/s,Stundenmittelwert
61239,Ebnet Dreisam,Dreisam,Q,09.02.2021 16:00,12.54,m3/s,Stundenmittelwert
61239,Ebnet Dreisam,Dreisam,Q,09.02.2021 17:00,12.34,m3/s,Stundenmittelwert
61239,Ebnet Dreisam,Dreisam,Q,09.02.2021 18:00,12.133,m3/s,Stundenmittelwert
61239,Ebnet Dreisam,Dreisam,Q,09.02.2021 19:00,11.913,m3/s,Stundenmittelwert
61239,Ebnet Dreisam,Dreisam,Q,09.02.2021 20:00,11.733,m3/s,Stundenmittelwert
61239,Ebnet Dreisam,Dreisam,Q,09.02.2021 21:00,11.68,m3/s,Stundenmittelwert
61239,Ebnet Dreisam,Dreisam,Q,09.02.2021 22:00,11.5,m3/s,Stundenmittelwert
61239,Ebnet Dreisam,Dreisam,Q,09.02.2021 23:00,11.44,m3/s,Stundenmittelwert
61239,Ebnet Dreisam,Dreisam,Q,10.02.2021 00:00,11.35,m3/s,Stundenmittelwert
61239,Ebnet Dreisam,Dreisam,Q,10.02.2021 01:00,11.328,m3/s,Stundenmittelwert
61239,Ebnet Dreisam,Dreisam,Q,10.02.2021 02:00,11.283,m3/s,Stundenmittelwert
61239,Ebnet Dreisam,Dreisam,Q,10.02.2021 03:00,11.223,m3/s,Stundenmittelwert
61239,Ebnet Dreisam,Dreisam,Q,10.02.2021 04:00,11.215,m3/s,Stundenmittelwert
61239,Ebnet Dreisam,Dreisam,Q,10.02.2021 05:00,11.253,m3/s,Stundenmittelwert
61239,Ebnet Dreisam,Dreisam,Q,10.02.2021 06:00,11.245,m3/s,Stundenmittelwert
61239,Ebnet Dreisam,Dreisam,Q,10.02.2021 07:00,11.268,m3/s,Stundenmittelwert
61239,Ebnet Dreisam,Dreisam,Q,10.02.2021 08:00,11.118,m3/s,Stundenmittelwert
61239,Ebnet Dreisam,Dreisam,Q,10.02.2021 09:00,11.125,m3/s,Stundenmittelwert
61239,Ebnet Dreisam,Dreisam,Q,10.02.2021 10:00,11.058,m3/s,Stundenmittelwert
61239,Ebnet Dreisam,Dreisam,Q,10.02.2021 11:00,10.743,m3/s,Stundenmittelwert
61239,Ebnet Dreisam,Dreisam,Q,10.02.2021 12:00,11.028,m3/s,Stundenmittelwert
61239,Ebnet Dreisam,Dreisam,Q,10.02.2021 13:00,10.855,m3/s,Stundenmittelwert
61239,Ebnet Dreisam,Dreisam,Q,10.02.2021 14:00,10.765,m3/s,Stundenmittelwert
61239,Ebnet Dreisam,Dreisam,Q,10.02.2021 15:00,10.488,m3/s,Stundenmittelwert
61239,Ebnet Dreisam,Dreisam,Q,10.02.2021 16:00,10.54,m3/s,Stundenmittelwert
61239,Ebnet Dreisam,Dreisam,Q,10.02.2021 17:00,10.375,m3/s,Stundenmittelwert
61239,Ebnet Dreisam,Dreisam,Q,10.02.2021 18:00,10.563,m3/s,Stundenmittelwert
61239,Ebnet Dreisam,Dreisam,Q,10.02.2021 19:00,10.518,m3/s,Stundenmittelwert
61239,Ebnet Dreisam,Dreisam,Q,10.02.2021 20:00,10.293,m3/s,Stundenmittelwert
61239,Ebnet Dreisam,Dreisam,Q,10.02.2021 21:00,10.233,m3/s,Stundenmittelwert
61239,Ebnet Dreisam,Dreisam,Q,10.02.2021 22:00,10.195,m3/s,Stundenmittelwert
61239,Ebnet Dreisam,Dreisam,Q,10.02.2021 23:00,10.077,m3/s,Stundenmittelwert
61239,Ebnet Dreisam,Dreisam,Q,11.02.2021 00:00,10.045,m3/s,Stundenmittelwert
61239,Ebnet Dreisam,Dreisam,Q,11.02.2021 01:00,10.02,m3/s,Stundenmittelwert
61239,Ebnet Dreisam,Dreisam,Q,11.02.2021 02:00,9.934,m3/s,Stundenmittelwert
61239,Ebnet Dreisam,Dreisam,Q,11.02.2021 03:00,9.922,m3/s,Stundenmittelwert
61239,Ebnet Dreisam,Dreisam,Q,11.02.2021 04:00,9.88,m3/s,Stundenmittelwert
61239,Ebnet Dreisam,Dreisam,Q,11.02.2021 05:00,9.796,m3/s,Stundenmittelwert
61239,Ebnet Dreisam,Dreisam,Q,11.02.2021 06:00,9.752,m3/s,Stundenmittelwert
61239,Ebnet Dreisam,Dreisam,Q,11.02.2021 07:00,9.693,m3/s,Stundenmittelwert
61239,Ebnet Dreisam,Dreisam,Q,11.02.2021 08:00,9.618,m3/s,Stundenmittelwert
61239,Ebnet Dreisam,Dreisam,Q,11.02.2021 09:00,9.511,m3/s,Stundenmittelwert
61239,Ebnet Dreisam,Dreisam,Q,11.02.2021 10:00,9.266,m3/s,Stundenmittelwert
61239,Ebnet Dreisam,Dreisam,Q,11.02.2021 11:00,9.437,m3/s,Stundenmittelwert
61239,Ebnet Dreisam,Dreisam,Q,11.02.2021 12:00,9.407,m3/s,Stundenmittelwert
61239,Ebnet Dreisam,Dreisam,Q,11.02.2021 13:00,9.315,m3/s,Stundenmittelwert
61239,Ebnet Dreisam,Dreisam,Q,11.02.2021 14:00,9.237,m3/s,Stundenmittelwert
61239,Ebnet Dreisam,Dreisam,Q,11.02.2021 15:00,9.211,m3/s,Stundenmittelwert
61239,Ebnet Dreisam,Dreisam,Q,11.02.2021 16:00,9.199,m3/s,Stundenmittelwert
61239,Ebnet Dreisam,Dreisam,Q,11.02.2021 17:00,9.164,m3/s,Stundenmittelwert
61239,Ebnet Dreisam,Dreisam,Q,11.02.2021 18:00,9.043,m3/s,Stundenmittelwert
61239,Ebnet Dreisam,Dreisam,Q,11.02.2021 19:00,9.011,m3/s,Stundenmittelwert
61239,Ebnet Dreisam,Dreisam,Q,11.02.2021 20:00,8.909,m3/s,Stundenmittelwert
61239,Ebnet Dreisam,Dreisam,Q,11.02.2021 21:00,8.87,m3/s,Stundenmittelwert
61239,Ebnet Dreisam,Dreisam,Q,11.02.2021 22:00,8.766,m3/s,Stundenmittelwert
61239,Ebnet Dreisam,Dreisam,Q,11.02.2021 23:00,8.689,m3/s,Stundenmittelwert
61239,Ebnet Dreisam,Dreisam,Q,12.02.2021 00:00,8.645,m3/s,Stundenmittelwert
61239,Ebnet Dreisam,Dreisam,Q,12.02.2021 01:00,8.576,m3/s,Stundenmittelwert
61239,Ebnet Dreisam,Dreisam,Q,12.02.2021 02:00,8.533,m3/s,Stundenmittelwert
61239,Ebnet Dreisam,Dreisam,Q,12.02.2021 03:00,8.464,m3/s,Stundenmittelwert
61239,Ebnet Dreisam,Dreisam,Q,12.02.2021 04:00,8.433,m3/s,Stundenmittelwert
61239,Ebnet Dreisam,Dreisam,Q,12.02.2021 05:00,8.37,m3/s,Stundenmittelwert
61239,Ebnet Dreisam,Dreisam,Q,12.02.2021 06:00,8.351,m3/s,Stundenmittelwert
61239,Ebnet Dreisam,Dreisam,Q,12.02.2021 07:00,8.351,m3/s,Stundenmittelwert
61239,Ebnet Dreisam,Dreisam,Q,12.02.2021 08:00,7.757,m3/s,Stundenmittelwert
61239,Ebnet Dreisam,Dreisam,Q,12.02.2021 09:00,8.251,m3/s,Stundenmittelwert
61239,Ebnet Dreisam,Dreisam,Q,12.02.2021 10:00,8.674,m3/s,Stundenmittelwert
61239,Ebnet Dreisam,Dreisam,Q,12.02.2021 11:00,8.426,m3/s,Stundenmittelwert
61239,Ebnet Dreisam,Dreisam,Q,12.02.2021 12:00,8.414,m3/s,Stundenmittelwert
61239,Ebnet Dreisam,Dreisam,Q,12.02.2021 13:00,8.389,m3/s,Stundenmittelwert
61239,Ebnet Dreisam,Dreisam,Q,12.02.2021 14:00,8.314,m3/s,Stundenmittelwert
61239,Ebnet Dreisam,Dreisam,Q,12.02.2021 15:00,8.289,m3/s,Stundenmittelwert
61239,Ebnet Dreisam,Dreisam,Q,12.02.2021 16:00,8.283,m3/s,Stundenmittelwert
61239,Ebnet Dreisam,Dreisam,Q,12.02.2021 17:00,8.233,m3/s,Stundenmittelwert
61239,Ebnet Dreisam,Dreisam,Q,12.02.2021 18:00,8.162,m3/s,Stundenmittelwert
61239,Ebnet Dreisam,Dreisam,Q,12.02.2021 19:00,8.058,m3/s,Stundenmittelwert
61239,Ebnet Dreisam,Dreisam,Q,12.02.2021 20:00,7.815,m3/s,Stundenmittelwert
61239,Ebnet Dreisam,Dreisam,Q,12.02.2021 21:00,7.993,m3/s,Stundenmittelwert
61239,Ebnet Dreisam,Dreisam,Q,12.02.2021 22:00,7.929,m3/s,Stundenmittelwert
61239,Ebnet Dreisam,Dreisam,Q,12.02.2021 23:00,7.854,m3/s,Stundenmittelwert
61239,Ebnet Dreisam,Dreisam,Q,13.02.2021 00:00,7.76,m3/s,Stundenmittelwert
61239,Ebnet Dreisam,Dreisam,Q,13.02.2021 01:00,7.703,m3/s,Stundenmittelwert
61239,Ebnet Dreisam,Dreisam,Q,13.02.2021 02:00,7.533,m3/s,Stundenmittelwert
61239,Ebnet Dreisam,Dreisam,Q,13.02.2021 03:00,7.214,m3/s,Stundenmittelwert
61239,Ebnet Dreisam,Dreisam,Q,13.02.2021 04:00,7.263,m3/s,Stundenmittelwert
61239,Ebnet Dreisam,Dreisam,Q,13.02.2021 05:00,7.192,m3/s,Stundenmittelwert
61239,Ebnet Dreisam,Dreisam,Q,13.02.2021 06:00,7.23,m3/s,Stundenmittelwert
61239,Ebnet Dreisam,Dreisam,Q,13.02.2021 07:00,7.164,m3/s,Stundenmittelwert
61239,Ebnet Dreisam,Dreisam,Q,13.02.2021 08:00,7.082,m3/s,Stundenmittelwert
61239,Ebnet Dreisam,Dreisam,Q,13.02.2021 09:00,7.098,m3/s,Stundenmittelwert
61239,Ebnet Dreisam,Dreisam,Q,13.02.2021 10:00,7.098,m3/s,Stundenmittelwert
61239,Ebnet Dreisam,Dreisam,Q,13.02.2021 11:00,7.23,m3/s,Stundenmittelwert
61239,Ebnet Dreisam,Dreisam,Q,13.02.2021 12:00,7.426,m3/s,Stundenmittelwert
61239,Ebnet Dreisam,Dreisam,Q,13.02.2021 13:00,7.522,m3/s,Stundenmittelwert
61239,Ebnet Dreisam,Dreisam,Q,13.02.2021 14:00,7.593,m3/s,Stundenmittelwert
61239,Ebnet Dreisam,Dreisam,Q,13.02.2021 15:00,7.58,m3/s,Stundenmittelwert
61239,Ebnet Dreisam,Dreisam,Q,13.02.2021 16:00,7.525,m3/s,Stundenmittelwert
61239,Ebnet Dreisam,Dreisam,Q,13.02.2021 17:00,7.324,m3/s,Stundenmittelwert
61239,Ebnet Dreisam,Dreisam,Q,13.02.2021 18:00,7.386,m3/s,Stundenmittelwert
61239,Ebnet Dreisam,Dreisam,Q,13.02.2021 19:00,7.324,m3/s,Stundenmittelwert
61239,Ebnet Dreisam,Dreisam,Q,13.02.2021 20:00,7.241,m3/s,Stundenmittelwert
61239,Ebnet Dreisam,Dreisam,Q,13.02.2021 21:00,7.159,m3/s,Stundenmittelwert
61239,Ebnet Dreisam,Dreisam,Q,13.02.2021 22:00,7.115,m3/s,Stundenmittelwert
61239,Ebnet Dreisam,Dreisam,Q,13.02.2021 23:00,7.06,m3/s,Stundenmittelwert
61239,Ebnet Dreisam,Dreisam,Q,14.02.2021 00:00,7.027,m3/s,Stundenmittelwert
61239,Ebnet Dreisam,Dreisam,Q,14.02.2021 01:00,6.983,m3/s,Stundenmittelwert
61239,Ebnet Dreisam,Dreisam,Q,14.02.2021 02:00,6.983,m3/s,Stundenmittelwert
61239,Ebnet Dreisam,Dreisam,Q,14.02.2021 03:00,6.961,m3/s,Stundenmittelwert
61239,Ebnet Dreisam,Dreisam,Q,14.02.2021 04:00,6.944,m3/s,Stundenmittelwert
61239,Ebnet Dreisam,Dreisam,Q,14.02.2021 05:00,6.867,m3/s,Stundenmittelwert
61239,Ebnet Dreisam,Dreisam,Q,14.02.2021 06:00,6.867,m3/s,Stundenmittelwert
61239,Ebnet Dreisam,Dreisam,Q,14.02.2021 07:00,6.801,m3/s,Stundenmittelwert
61239,Ebnet Dreisam,Dreisam,Q,14.02.2021 08:00,6.759,m3/s,Stundenmittelwert
61239,Ebnet Dreisam,Dreisam,Q,14.02.2021 09:00,6.78,m3/s,Stundenmittelwert
61239,Ebnet Dreisam,Dreisam,Q,14.02.2021 10:00,6.856,m3/s,Stundenmittelwert
61239,Ebnet Dreisam,Dreisam,Q,14.02.2021 11:00,6.999,m3/s,Stundenmittelwert
61239,Ebnet Dreisam,Dreisam,Q,14.02.2021 12:00,7.038,m3/s,Stundenmittelwert
61239,Ebnet Dreisam,Dreisam,Q,14.02.2021 13:00,7.082,m3/s,Stundenmittelwert
61239,Ebnet Dreisam,Dreisam,Q,14.02.2021 14:00,7.126,m3/s,Stundenmittelwert
61239,Ebnet Dreisam,Dreisam,Q,14.02.2021 15:00,7.093,m3/s,Stundenmittelwert
61239,Ebnet Dreisam,Dreisam,Q,14.02.2021 16:00,7.043,m3/s,Stundenmittelwert
61239,Ebnet Dreisam,Dreisam,Q,14.02.2021 17:00,6.977,m3/s,Stundenmittelwert
61239,Ebnet Dreisam,Dreisam,Q,14.02.2021 18:00,6.928,m3/s,Stundenmittelwert
61239,Ebnet Dreisam,Dreisam,Q,14.02.2021 19:00,6.928,m3/s,Stundenmittelwert
61239,Ebnet Dreisam,Dreisam,Q,14.02.2021 20:00,6.851,m3/s,Stundenmittelwert
61239,Ebnet Dreisam,Dreisam,Q,14.02.2021 21:00,6.818,m3/s,Stundenmittelwert
61239,Ebnet Dreisam,Dreisam,Q,14.02.2021 22:00,6.796,m3/s,Stundenmittelwert
61239,Ebnet Dreisam,Dreisam,Q,14.02.2021 23:00,6.801,m3/s,Stundenmittelwert
61239,Ebnet Dreisam,Dreisam,Q,15.02.2021 00:00,6.79,m3/s,Stundenmittelwert
61239,Ebnet Dreisam,Dreisam,Q,15.02.2021 01:00,6.743,m3/s,Stundenmittelwert
61239,Ebnet Dreisam,Dreisam,Q,15.02.2021 02:00,6.727,m3/s,Stundenmittelwert
61239,Ebnet Dreisam,Dreisam,Q,15.02.2021 03:00,6.685,m3/s,Stundenmittelwert
61239,Ebnet Dreisam,Dreisam,Q,15.02.2021 04:00,6.675,m3/s,Stundenmittelwert
61239,Ebnet Dreisam,Dreisam,Q,15.02.2021 05:00,6.648,m3/s,Stundenmittelwert
61239,Ebnet Dreisam,Dreisam,Q,15.02.2021 06:00,6.643,m3/s,Stundenmittelwert
61239,Ebnet Dreisam,Dreisam,Q,15.02.2021 07:00,6.617,m3/s,Stundenmittelwert
61239,Ebnet Dreisam,Dreisam,Q,15.02.2021 08:00,6.627,m3/s,Stundenmittelwert
61239,Ebnet Dreisam,Dreisam,Q,15.02.2021 09:00,6.617,m3/s,Stundenmittelwert
61239,Ebnet Dreisam,Dreisam,Q,15.02.2021 10:00,6.675,m3/s,Stundenmittelwert
61239,Ebnet Dreisam,Dreisam,Q,15.02.2021 11:00,6.664,m3/s,Stundenmittelwert
61239,Ebnet Dreisam,Dreisam,Q,15.02.2021 12:00,6.654,m3/s,Stundenmittelwert
61239,Ebnet Dreisam,Dreisam,Q,15.02.2021 13:00,6.654,m3/s,Stundenmittelwert
61239,Ebnet Dreisam,Dreisam,Q,15.02.2021 14:00,6.685,m3/s,Stundenmittelwert
61239,Ebnet Dreisam,Dreisam,Q,15.02.2021 15:00,6.732,m3/s,Stundenmittelwert
61239,Ebnet Dreisam,Dreisam,Q,15.02.2021 16:00,6.791,m3/s,Stundenmittelwert
61239,Ebnet Dreisam,Dreisam,Q,15.02.2021 17:00,6.785,m3/s,Stundenmittelwert
61239,Ebnet Dreisam,Dreisam,Q,15.02.2021 18:00,6.818,m3/s,Stundenmittelwert
61239,Ebnet Dreisam,Dreisam,Q,15.02.2021 19:00,6.738,m3/s,Stundenmittelwert
61239,Ebnet Dreisam,Dreisam,Q,15.02.2021 20:00,6.748,m3/s,Stundenmittelwert
61239,Ebnet Dreisam,Dreisam,Q,15.02.2021 21:00,6.738,m3/s,Stundenmittelwert
61239,Ebnet Dreisam,Dreisam,Q,15.02.2021 22:00,6.796,m3/s,Stundenmittelwert
61239,Ebnet Dreisam,Dreisam,Q,15.02.2021 23:00,6.884,m3/s,Stundenmittelwert
61239,Ebnet Dreisam,Dreisam,Q,16.02.2021 00:00,6.95,m3/s,Stundenmittelwert
61239,Ebnet Dreisam,Dreisam,Q,16.02.2021 01:00,6.966,m3/s,Stundenmittelwert
61239,Ebnet Dreisam,Dreisam,Q,16.02.2021 02:00,6.977,m3/s,Stundenmittelwert
61239,Ebnet Dreisam,Dreisam,Q,16.02.2021 03:00,6.983,m3/s,Stundenmittelwert
61239,Ebnet Dreisam,Dreisam,Q,16.02.2021 04:00,6.988,m3/s,Stundenmittelwert
61239,Ebnet Dreisam,Dreisam,Q,16.02.2021 05:00,6.994,m3/s,Stundenmittelwert
61239,Ebnet Dreisam,Dreisam,Q,16.02.2021 06:00,6.961,m3/s,Stundenmittelwert
61239,Ebnet Dreisam,Dreisam,Q,16.02.2021 07:00,7.005,m3/s,Stundenmittelwert
61239,Ebnet Dreisam,Dreisam,Q,16.02.2021 08:00,6.95,m3/s,Stundenmittelwert
61239,Ebnet Dreisam,Dreisam,Q,16.02.2021 09:00,6.961,m3/s,Stundenmittelwert
61239,Ebnet Dreisam,Dreisam,Q,16.02.2021 10:00,6.961,m3/s,Stundenmittelwert
61239,Ebnet Dreisam,Dreisam,Q,16.02.2021 11:00,6.977,m3/s,Stundenmittelwert
61239,Ebnet Dreisam,Dreisam,Q,16.02.2021 12:00,7.038,m3/s,Stundenmittelwert
61239,Ebnet Dreisam,Dreisam,Q,16.02.2021 13:00,7.104,m3/s,Stundenmittelwert
61239,Ebnet Dreisam,Dreisam,Q,16.02.2021 14:00,7.192,m3/s,Stundenmittelwert
61239,Ebnet Dreisam,Dreisam,Q,16.02.2021 15:00,7.302,m3/s,Stundenmittelwert
61239,Ebnet Dreisam,Dreisam,Q,16.02.2021 16:00,7.446,m3/s,Stundenmittelwert
61239,Ebnet Dreisam,Dreisam,Q,16.02.2021 17:00,7.447,m3/s,Stundenmittelwert
61239,Ebnet Dreisam,Dreisam,Q,16.02.2021 18:00,7.515,m3/s,Stundenmittelwert
61239,Ebnet Dreisam,Dreisam,Q,16.02.2021 19:00,7.606,m3/s,Stundenmittelwert
61239,Ebnet Dreisam,Dreisam,Q,16.02.2021 20:00,7.645,m3/s,Stundenmittelwert
61239,Ebnet Dreisam,Dreisam,Q,16.02.2021 21:00,7.489,m3/s,Stundenmittelwert
61239,Ebnet Dreisam,Dreisam,Q,16.02.2021 22:00,7.395,m3/s,Stundenmittelwert
61239,Ebnet Dreisam,Dreisam,Q,16.02.2021 23:00,7.307,m3/s,Stundenmittelwert
61239,Ebnet Dreisam,Dreisam,Q,17.02.2021 00:00,7.214,m3/s,Stundenmittelwert
61239,Ebnet Dreisam,Dreisam,Q,17.02.2021 01:00,7.258,m3/s,Stundenmittelwert
61239,Ebnet Dreisam,Dreisam,Q,17.02.2021 02:00,7.357,m3/s,Stundenmittelwert
61239,Ebnet Dreisam,Dreisam,Q,17.02.2021 03:00,7.429,m3/s,Stundenmittelwert
61239,Ebnet Dreisam,Dreisam,Q,17.02.2021 04:00,7.561,m3/s,Stundenmittelwert
61239,Ebnet Dreisam,Dreisam,Q,17.02.2021 05:00,7.741,m3/s,Stundenmittelwert
61239,Ebnet Dreisam,Dreisam,Q,17.02.2021 06:00,7.748,m3/s,Stundenmittelwert
61239,Ebnet Dreisam,Dreisam,Q,17.02.2021 07:00,7.671,m3/s,Stundenmittelwert
61239,Ebnet Dreisam,Dreisam,Q,17.02.2021 08:00,7.522,m3/s,Stundenmittelwert
61239,Ebnet Dreisam,Dreisam,Q,17.02.2021 09:00,7.44,m3/s,Stundenmittelwert
61239,Ebnet Dreisam,Dreisam,Q,17.02.2021 10:00,7.335,m3/s,Stundenmittelwert
61239,Ebnet Dreisam,Dreisam,Q,17.02.2021 11:00,7.296,m3/s,Stundenmittelwert
61239,Ebnet Dreisam,Dreisam,Q,17.02.2021 12:00,7.219,m3/s,Stundenmittelwert
61239,Ebnet Dreisam,Dreisam,Q,17.02.2021 13:00,7.17,m3/s,Stundenmittelwert
61239,Ebnet Dreisam,Dreisam,Q,17.02.2021 14:00,7.148,m3/s,Stundenmittelwert
61239,Ebnet Dreisam,Dreisam,Q,17.02.2021 15:00,7.142,m3/s,Stundenmittelwert
61239,Ebnet Dreisam,Dreisam,Q,17.02.2021 16:00,7.076,m3/s,Stundenmittelwert
61239,Ebnet Dreisam,Dreisam,Q,17.02.2021 17:00,7.082,m3/s,Stundenmittelwert
61239,Ebnet Dreisam,Dreisam,Q,17.02.2021 18:00,7.06,m3/s,Stundenmittelwert
61239,Ebnet Dreisam,Dreisam,Q,17.02.2021 19:00,6.999,m3/s,Stundenmittelwert
61239,Ebnet Dreisam,Dreisam,Q,17.02.2021 20:00,7.027,m3/s,Stundenmittelwert
61239,Ebnet Dreisam,Dreisam,Q,17.02.2021 21:00,7.328,m3/s,Stundenmittelwert
61239,Ebnet Dreisam,Dreisam,Q,17.02.2021 22:00,7.212,m3/s,Stundenmittelwert
61239,Ebnet Dreisam,Dreisam,Q,17.02.2021 23:00,7.005,m3/s,Stundenmittelwert
61239,Ebnet Dreisam,Dreisam,Q,18.02.2021 00:00,6.983,m3/s,Stundenmittelwert
61239,Ebnet Dreisam,Dreisam,Q,18.02.2021 01:00,6.939,m3/s,Stundenmittelwert
61239,Ebnet Dreisam,Dreisam,Q,18.02.2021 02:00,6.944,m3/s,Stundenmittelwert
61239,Ebnet Dreisam,Dreisam,Q,18.02.2021 03:00,6.922,m3/s,Stundenmittelwert
61239,Ebnet Dreisam,Dreisam,Q,18.02.2021 04:00,6.895,m3/s,Stundenmittelwert
61239,Ebnet Dreisam,Dreisam,Q,18.02.2021 05:00,6.867,m3/s,Stundenmittelwert
61239,Ebnet Dreisam,Dreisam,Q,18.02.2021 06:00,6.829,m3/s,Stundenmittelwert
61239,Ebnet Dreisam,Dreisam,Q,18.02.2021 07:00,6.823,m3/s,Stundenmittelwert
61239,Ebnet Dreisam,Dreisam,Q,18.02.2021 08:00,6.801,m3/s,Stundenmittelwert
61239,Ebnet Dreisam,Dreisam,Q,18.02.2021 09:00,6.759,m3/s,Stundenmittelwert
61239,Ebnet Dreisam,Dreisam,Q,18.02.2021 10:00,6.759,m3/s,Stundenmittelwert
61239,Ebnet Dreisam,Dreisam,Q,18.02.2021 11:00,6.748,m3/s,Stundenmittelwert
61239,Ebnet Dreisam,Dreisam,Q,18.02.2021 12:00,6.508,m3/s,Stundenmittelwert
61239,Ebnet Dreisam,Dreisam,Q,18.02.2021 13:00,6.622,m3/s,Stundenmittelwert
61239,Ebnet Dreisam,Dreisam,Q,18.02.2021 14:00,6.874,m3/s,Stundenmittelwert
61239,Ebnet Dreisam,Dreisam,Q,18.02.2021 15:00,6.103,m3/s,Stundenmittelwert
61239,Ebnet Dreisam,Dreisam,Q,18.02.2021 16:00,6.822,m3/s,Stundenmittelwert
61239,Ebnet Dreisam,Dreisam,Q,18.02.2021 17:00,6.809,m3/s,Stundenmittelwert
61239,Ebnet Dreisam,Dreisam,Q,18.02.2021 18:00,6.68,m3/s,Stundenmittelwert
61239,Ebnet Dreisam,Dreisam,Q,18.02.2021 19:00,6.633,m3/s,Stundenmittelwert
61239,Ebnet Dreisam,Dreisam,Q,18.02.2021 20:00,6.643,m3/s,Stundenmittelwert
61239,Ebnet Dreisam,Dreisam,Q,18.02.2021 21:00,6.633,m3/s,Stundenmittelwert
61239,Ebnet Dreisam,Dreisam,Q,18.02.2021 22:00,6.648,m3/s,Stundenmittelwert
61239,Ebnet Dreisam,Dreisam,Q,18.02.2021 23:00,6.596,m3/s,Stundenmittelwert
61239,Ebnet Dreisam,Dreisam,Q,19.02.2021 00:00,6.68,m3/s,Stundenmittelwert
61239,Ebnet Dreisam,Dreisam,Q,19.02.2021 01:00,6.889,m3/s,Stundenmittelwert
61239,Ebnet Dreisam,Dreisam,Q,19.02.2021 02:00,6.884,m3/s,Stundenmittelwert
61239,Ebnet Dreisam,Dreisam,Q,19.02.2021 03:00,6.944,m3/s,Stundenmittelwert
61239,Ebnet Dreisam,Dreisam,Q,19.02.2021 04:00,7.016,m3/s,Stundenmittelwert
61239,Ebnet Dreisam,Dreisam,Q,19.02.2021 05:00,7.005,m3/s,Stundenmittelwert
61239,Ebnet Dreisam,Dreisam,Q,19.02.2021 06:00,7.038,m3/s,Stundenmittelwert
61239,Ebnet Dreisam,Dreisam,Q,19.02.2021 07:00,7.142,m3/s,Stundenmittelwert
61239,Ebnet Dreisam,Dreisam,Q,19.02.2021 08:00,7.236,m3/s,Stundenmittelwert
61239,Ebnet Dreisam,Dreisam,Q,19.02.2021 09:00,7.241,m3/s,Stundenmittelwert
61239,Ebnet Dreisam,Dreisam,Q,19.02.2021 10:00,7.269,m3/s,Stundenmittelwert
61239,Ebnet Dreisam,Dreisam,Q,19.02.2021 11:00,7.186,m3/s,Stundenmittelwert
61239,Ebnet Dreisam,Dreisam,Q,19.02.2021 12:00,7.137,m3/s,Stundenmittelwert
61239,Ebnet Dreisam,Dreisam,Q,19.02.2021 13:00,7.181,m3/s,Stundenmittelwert
61239,Ebnet Dreisam,Dreisam,Q,19.02.2021 14:00,7.104,m3/s,Stundenmittelwert
61239,Ebnet Dreisam,Dreisam,Q,19.02.2021 15:00,7.06,m3/s,Stundenmittelwert
61239,Ebnet Dreisam,Dreisam,Q,19.02.2021 16:00,7.005,m3/s,Stundenmittelwert
61239,Ebnet Dreisam,Dreisam,Q,19.02.2021 17:00,7.005,m3/s,Stundenmittelwert
61239,Ebnet Dreisam,Dreisam,Q,19.02.2021 18:00,7.038,m3/s,Stundenmittelwert
61239,Ebnet Dreisam,Dreisam,Q,19.02.2021 19:00,7.054,m3/s,Stundenmittelwert
61239,Ebnet Dreisam,Dreisam,Q,19.02.2021 20:00,7.049,m3/s,Stundenmittelwert
61239,Ebnet Dreisam,Dreisam,Q,19.02.2021 21:00,7.049,m3/s,Stundenmittelwert
61239,Ebnet Dreisam,Dreisam,Q,19.02.2021 22:00,7.043,m3/s,Stundenmittelwert
61239,Ebnet Dreisam,Dreisam,Q,19.02.2021 23:00,6.994,m3/s,Stundenmittelwert
61239,Ebnet Dreisam,Dreisam,Q,20.02.2021 00:00,6.999,m3/s,Stundenmittelwert
61239,Ebnet Dreisam,Dreisam,Q,20.02.2021 01:00,6.983,m3/s,Stundenmittelwert
61239,Ebnet Dreisam,Dreisam,Q,20.02.2021 02:00,6.983,m3/s,Stundenmittelwert
61239,Ebnet Dreisam,Dreisam,Q,20.02.2021 03:00,6.966,m3/s,Stundenmittelwert
61239,Ebnet Dreisam,Dreisam,Q,20.02.2021 04:00,6.955,m3/s,Stundenmittelwert
61239,Ebnet Dreisam,Dreisam,Q,20.02.2021 05:00,6.955,m3/s,Stundenmittelwert
61239,Ebnet Dreisam,Dreisam,Q,20.02.2021 06:00,6.911,m3/s,Stundenmittelwert
61239,Ebnet Dreisam,Dreisam,Q,20.02.2021 07:00,6.911,m3/s,Stundenmittelwert
61239,Ebnet Dreisam,Dreisam,Q,20.02.2021 08:00,6.895,m3/s,Stundenmittelwert
61239,Ebnet Dreisam,Dreisam,Q,20.02.2021 09:00,6.884,m3/s,Stundenmittelwert
61239,Ebnet Dreisam,Dreisam,Q,20.02.2021 10:00,6.851,m3/s,Stundenmittelwert
61239,Ebnet Dreisam,Dreisam,Q,20.02.2021 11:00,6.851,m3/s,Stundenmittelwert
61239,Ebnet Dreisam,Dreisam,Q,20.02.2021 12:00,6.812,m3/s,Stundenmittelwert
61239,Ebnet Dreisam,Dreisam,Q,20.02.2021 13:00,6.796,m3/s,Stundenmittelwert
61239,Ebnet Dreisam,Dreisam,Q,20.02.2021 14:00,6.785,m3/s,Stundenmittelwert
61239,Ebnet Dreisam,Dreisam,Q,20.02.2021 15:00,6.759,m3/s,Stundenmittelwert
61239,Ebnet Dreisam,Dreisam,Q,20.02.2021 16:00,6.738,m3/s,Stundenmittelwert
61239,Ebnet Dreisam,Dreisam,Q,20.02.2021 17:00,6.769,m3/s,Stundenmittelwert
61239,Ebnet Dreisam,Dreisam,Q,20.02.2021 18:00,6.759,m3/s,Stundenmittelwert
61239,Ebnet Dreisam,Dreisam,Q,20.02.2021 19:00,6.775,m3/s,Stundenmittelwert
61239,Ebnet Dreisam,Dreisam,Q,20.02.2021 20:00,6.764,m3/s,Stundenmittelwert
61239,Ebnet Dreisam,Dreisam,Q,20.02.2021 21:00,6.759,m3/s,Stundenmittelwert
61239,Ebnet Dreisam,Dreisam,Q,20.02.2021 22:00,6.769,m3/s,Stundenmittelwert
61239,Ebnet Dreisam,Dreisam,Q,20.02.2021 23:00,6.738,m3/s,Stundenmittelwert
61239,Ebnet Dreisam,Dreisam,Q,21.02.2021 00:00,6.732,m3/s,Stundenmittelwert
61239,Ebnet Dreisam,Dreisam,Q,21.02.2021 01:00,6.727,m3/s,Stundenmittelwert
61239,Ebnet Dreisam,Dreisam,Q,21.02.2021 02:00,6.696,m3/s,Stundenmittelwert
61239,Ebnet Dreisam,Dreisam,Q,21.02.2021 03:00,6.701,m3/s,Stundenmittelwert
61239,Ebnet Dreisam,Dreisam,Q,21.02.2021 04:00,6.685,m3/s,Stundenmittelwert
61239,Ebnet Dreisam,Dreisam,Q,21.02.2021 05:00,6.68,m3/s,Stundenmittelwert
61239,Ebnet Dreisam,Dreisam,Q,21.02.2021 06:00,6.669,m3/s,Stundenmittelwert
61239,Ebnet Dreisam,Dreisam,Q,21.02.2021 07:00,6.648,m3/s,Stundenmittelwert
61239,Ebnet Dreisam,Dreisam,Q,21.02.2021 08:00,6.664,m3/s,Stundenmittelwert
61239,Ebnet Dreisam,Dreisam,Q,21.02.2021 09:00,6.648,m3/s,Stundenmittelwert
61239,Ebnet Dreisam,Dreisam,Q,21.02.2021 10:00,6.638,m3/s,Stundenmittelwert
61239,Ebnet Dreisam,Dreisam,Q,21.02.2021 11:00,6.47,m3/s,Stundenmittelwert
61239,Ebnet Dreisam,Dreisam,Q,21.02.2021 12:00,6.713,m3/s,Stundenmittelwert
61239,Ebnet Dreisam,Dreisam,Q,21.02.2021 13:00,6.349,m3/s,Stundenmittelwert
61239,Ebnet Dreisam,Dreisam,Q,21.02.2021 14:00,6.804,m3/s,Stundenmittelwert
61239,Ebnet Dreisam,Dreisam,Q,21.02.2021 15:00,6.596,m3/s,Stundenmittelwert
61239,Ebnet Dreisam,Dreisam,Q,21.02.2021 16:00,6.506,m3/s,Stundenmittelwert
61239,Ebnet Dreisam,Dreisam,Q,21.02.2021 17:00,6.593,m3/s,Stundenmittelwert
61239,Ebnet Dreisam,Dreisam,Q,21.02.2021 18:00,6.612,m3/s,Stundenmittelwert
61239,Ebnet Dreisam,Dreisam,Q,21.02.2021 19:00,6.58,m3/s,Stundenmittelwert
61239,Ebnet Dreisam,Dreisam,Q,21.02.2021 20:00,6.627,m3/s,Stundenmittelwert
61239,Ebnet Dreisam,Dreisam,Q,21.02.2021 21:00,6.638,m3/s,Stundenmittelwert
61239,Ebnet Dreisam,Dreisam,Q,21.02.2021 22:00,6.627,m3/s,Stundenmittelwert
61239,Ebnet Dreisam,Dreisam,Q,21.02.2021 23:00,6.601,m3/s,Stundenmittelwert
61239,Ebnet Dreisam,Dreisam,Q,22.02.2021 00:00,6.612,m3/s,Stundenmittelwert
61239,Ebnet Dreisam,Dreisam,Q,22.02.2021 01:00,6.591,m3/s,Stundenmittelwert
61239,Ebnet Dreisam,Dreisam,Q,22.02.2021 02:00,6.585,m3/s,Stundenmittelwert
61239,Ebnet Dreisam,Dreisam,Q,22.02.2021 03:00,6.574,m3/s,Stundenmittelwert
61239,Ebnet Dreisam,Dreisam,Q,22.02.2021 04:00,6.558,m3/s,Stundenmittelwert
61239,Ebnet Dreisam,Dreisam,Q,22.02.2021 05:00,6.553,m3/s,Stundenmittelwert
61239,Ebnet Dreisam,Dreisam,Q,22.02.2021 06:00,6.531,m3/s,Stundenmittelwert
61239,Ebnet Dreisam,Dreisam,Q,22.02.2021 07:00,6.525,m3/s,Stundenmittelwert
61239,Ebnet Dreisam,Dreisam,Q,22.02.2021 08:00,6.503,m3/s,Stundenmittelwert
61239,Ebnet Dreisam,Dreisam,Q,22.02.2021 09:00,6.316,m3/s,Stundenmittelwert
61239,Ebnet Dreisam,Dreisam,Q,22.02.2021 10:00,6.489,m3/s,Stundenmittelwert
61239,Ebnet Dreisam,Dreisam,Q,22.02.2021 11:00,6.393,m3/s,Stundenmittelwert
61239,Ebnet Dreisam,Dreisam,Q,22.02.2021 12:00,6.597,m3/s,Stundenmittelwert
61239,Ebnet Dreisam,Dreisam,Q,22.02.2021 13:00,6.366,m3/s,Stundenmittelwert
61239,Ebnet Dreisam,Dreisam,Q,22.02.2021 14:00,6.223,m3/s,Stundenmittelwert
61239,Ebnet Dreisam,Dreisam,Q,22.02.2021 15:00,6.349,m3/s,Stundenmittelwert
61239,Ebnet Dreisam,Dreisam,Q,22.02.2021 16:00,6.425,m3/s,Stundenmittelwert
61239,Ebnet Dreisam,Dreisam,Q,22.02.2021 17:00,6.469,m3/s,Stundenmittelwert
61239,Ebnet Dreisam,Dreisam,Q,22.02.2021 18:00,6.454,m3/s,Stundenmittelwert
61239,Ebnet Dreisam,Dreisam,Q,22.02.2021 19:00,6.278,m3/s,Stundenmittelwert
61239,Ebnet Dreisam,Dreisam,Q,22.02.2021 20:00,6.503,m3/s,Stundenmittelwert
61239,Ebnet Dreisam,Dreisam,Q,22.02.2021 21:00,6.432,m3/s,Stundenmittelwert
61239,Ebnet Dreisam,Dreisam,Q,22.02.2021 22:00,6.344,m3/s,Stundenmittelwert
